ID,Sexo,Estado Civil,Idade,Escolaridade,Renda,Ocupação,TamanhoCidade
100000001,0,0,67,2,2077.8333333333335,1,2
100000002,1,1,22,1,2512.883333333333,1,2
100000003,0,0,49,1,1486.8333333333333,0,0
100000004,0,0,45,1,2859.4166666666665,1,1
100000005,0,0,53,1,2483.85,1,1
100000006,0,0,35,1,2414.133333333333,0,0
100000007,0,0,53,1,2608.25,1,1
100000008,0,0,35,1,3227.0166666666664,2,1
100000009,0,1,61,2,2526.516666666667,0,0
100000010,0,1,28,1,2910.7666666666664,2,0
100000011,1,1,25,1,1807.8166666666666,1,0
100000012,1,1,24,1,2126.6,1,0
100000013,1,1,22,1,1811.45,1,2
100000014,0,0,60,2,1489.5666666666666,0,0
100000015,1,1,28,1,1714.9833333333333,1,1
100000016,1,1,32,1,1473.8,0,0
100000017,0,0,53,1,2092.5,1,0
100000018,0,0,25,0,2623.9,1,2
100000019,1,1,44,2,4365.866666666667,2,2
100000020,0,0,31,0,2410.9500000000003,1,1
100000021,0,0,48,1,1979.6166666666668,1,1
100000022,0,0,44,1,2458.516666666667,1,1
100000023,0,0,48,1,1496.7333333333333,0,0
100000024,0,0,44,1,2248.633333333333,1,2
100000025,0,1,26,1,1727.7833333333335,1,2
100000026,0,0,36,1,1198.4833333333333,0,0
100000027,0,1,39,1,1137.7333333333333,0,0
100000028,1,1,42,2,2717.0833333333335,1,1
100000029,0,0,34,1,1988.45,1,1
100000030,0,0,63,2,2931.366666666667,1,0
100000031,0,1,36,1,2660.766666666667,1,1
100000032,0,0,27,0,2002.1833333333334,1,1
100000033,0,0,30,0,2712.4166666666665,1,2
100000034,0,0,57,2,1460.0833333333333,0,0
100000035,1,1,33,1,2592.8166666666666,2,1
100000036,0,0,25,0,1741.75,0,0
100000037,0,0,31,0,2389.75,1,2
100000038,0,0,37,1,2127.9333333333334,1,1
100000039,0,0,37,1,1987.9333333333334,1,1
100000040,0,0,24,0,1542.3666666666668,1,1
100000041,0,0,30,0,2722.15,2,1
100000042,0,1,26,1,2182.016666666667,1,0
100000043,0,0,44,1,2227.633333333333,0,0
100000044,0,1,24,1,2585.0666666666666,1,1
100000045,1,1,58,2,2372.25,0,1
100000046,1,1,35,1,2306.4500000000003,2,1
100000047,0,0,39,1,2336.366666666667,1,0
100000048,1,1,23,1,1090.3500000000001,0,0
100000049,0,0,39,1,2175.0,0,0
100000050,1,1,28,1,2047.1833333333334,1,0
100000051,0,0,29,0,1408.8500000000001,0,0
100000052,0,0,30,0,3003.2666666666664,2,2
100000053,0,0,25,0,1534.3,1,2
100000054,0,0,31,0,1952.6333333333332,1,0
100000055,0,0,57,2,2263.8333333333335,1,1
100000056,0,0,26,0,970.9666666666667,0,0
100000057,0,0,52,1,3376.25,2,2
100000058,1,1,31,1,3060.9500000000003,1,1
100000059,1,1,23,1,2537.7833333333333,2,1
100000060,1,1,23,1,1920.6666666666667,0,0
100000061,0,1,27,1,1782.5833333333333,1,2
100000062,0,0,50,1,2060.6833333333334,1,1
100000063,0,0,61,2,2773.5,2,1
100000064,0,0,25,0,3789.75,1,2
100000065,1,1,26,1,1972.8666666666668,1,1
100000066,0,0,48,1,2468.5833333333335,1,1
100000067,1,1,29,1,1851.1499999999999,1,0
100000068,0,1,22,1,2329.6666666666665,1,0
100000069,0,0,37,1,1782.9666666666665,1,2
100000070,1,1,25,1,1833.6499999999999,1,2
100000071,1,1,30,1,2818.366666666667,1,1
100000072,0,0,46,1,1228.3833333333334,0,0
100000073,0,0,51,1,2364.2999999999997,2,2
100000074,1,1,41,2,2265.983333333333,0,0
100000075,0,0,40,1,2348.133333333333,2,2
100000076,0,0,66,2,2621.65,2,2
100000077,0,0,34,1,2086.4500000000003,1,1
100000078,0,0,51,1,2591.4333333333334,1,2
100000079,0,0,39,1,2528.2833333333333,0,0
100000080,0,1,22,1,2106.6666666666665,1,1
100000081,1,1,44,2,2654.1,1,2
100000082,0,0,47,1,2268.9666666666667,1,1
100000083,1,1,24,1,1413.2,0,0
100000084,1,1,58,2,1670.1666666666667,0,0
100000085,0,0,52,1,1561.7666666666667,0,0
100000086,1,1,29,1,2229.7166666666667,2,1
100000087,1,1,27,1,1834.3999999999999,1,2
100000088,0,0,47,1,4017.7999999999997,1,1
100000089,0,0,30,0,2483.7000000000003,2,2
100000090,0,0,28,0,1549.55,1,2
100000091,0,0,56,1,1843.4166666666667,1,1
100000092,0,0,54,1,1943.3999999999999,1,1
100000093,1,1,33,1,1184.5,0,0
100000094,0,0,20,0,2144.633333333333,1,1
100000095,0,0,54,1,2753.8333333333335,1,2
100000096,0,0,58,2,4472.333333333333,1,1
100000097,1,1,61,2,2251.1666666666665,1,1
100000098,0,0,34,1,2246.5666666666666,1,2
100000099,0,0,36,1,2002.55,1,1
100000100,0,0,36,1,3257.75,2,2
100000101,0,1,41,1,1556.2,0,0
100000102,0,0,24,0,1840.7666666666667,1,0
100000103,1,1,24,1,1586.4333333333334,1,1
100000104,0,0,35,1,1922.3833333333332,1,1
100000105,0,1,26,1,1787.9333333333334,1,1
100000106,0,0,39,1,4078.6,2,2
100000107,0,0,39,1,3051.7999999999997,2,2
100000108,0,0,32,0,2547.9333333333334,1,2
100000109,1,1,30,1,2752.4500000000003,1,0
100000110,0,1,35,1,2342.0,1,0
100000111,0,1,31,1,2070.0499999999997,1,1
100000112,1,1,23,1,1786.75,1,1
100000113,0,0,28,0,2023.8666666666668,0,2
100000114,1,1,25,1,2707.4166666666665,1,0
100000115,0,1,35,1,2235.2000000000003,1,1
100000116,0,0,47,1,2197.366666666667,1,1
100000117,1,1,30,1,3164.933333333333,2,0
100000118,1,1,27,1,1818.3166666666666,1,2
100000119,1,1,23,1,2558.983333333333,1,1
100000120,0,1,36,1,3008.25,2,1
100000121,1,1,25,1,1744.2166666666665,1,2
100000122,1,1,41,2,2782.2166666666667,2,2
100000123,0,0,24,0,1101.9666666666667,0,0
100000124,0,0,63,2,2262.5666666666666,1,0
100000125,1,1,27,1,1935.05,1,2
100000126,0,0,30,0,1738.2166666666665,1,1
100000127,0,1,40,1,1195.0333333333333,0,0
100000128,0,0,30,0,1651.1000000000001,1,2
100000129,0,0,34,1,2399.65,2,2
100000130,1,1,29,1,2063.633333333333,1,0
100000131,1,1,24,1,2945.2333333333336,1,2
100000132,0,0,29,0,2487.483333333333,1,2
100000133,0,0,27,0,1292.25,0,0
100000134,0,0,47,1,1942.3333333333333,1,1
100000135,1,1,21,1,3245.4666666666667,1,0
100000136,1,1,38,1,1821.8500000000001,1,2
100000137,0,0,27,0,3412.0499999999997,1,2
100000138,0,0,66,2,2100.0499999999997,0,0
100000139,0,0,35,1,2051.8166666666666,1,1
100000140,1,1,44,2,1804.1833333333334,0,0
100000141,0,1,27,1,1498.4666666666665,0,0
100000142,1,1,30,1,2934.2833333333333,2,1
100000143,0,0,27,0,2405.5333333333333,2,2
100000144,0,0,22,0,1686.4166666666667,1,1
100000145,1,1,23,1,1790.1000000000001,1,2
100000146,0,0,30,0,2344.4166666666665,1,1
100000147,1,1,39,2,1774.3500000000001,1,0
100000148,1,1,51,2,2130.4166666666665,1,0
100000149,0,0,28,0,2231.633333333333,1,1
100000150,0,0,46,1,2539.7166666666667,1,2
100000151,0,0,42,1,1998.7666666666667,1,0
100000152,0,0,38,1,1813.0666666666666,1,2
100000153,0,0,24,0,2554.766666666667,1,1
100000154,1,1,29,1,3570.066666666667,1,2
100000155,0,0,36,1,3468.35,2,2
100000156,1,1,20,1,1589.25,1,1
100000157,0,0,48,1,2069.266666666667,1,1
100000158,0,1,45,2,1203.5833333333333,0,0
100000159,0,0,38,1,2442.15,1,2
100000160,0,0,34,1,1255.7166666666667,0,0
100000161,0,0,36,1,2163.15,1,1
100000162,1,1,30,1,1685.8833333333332,1,1
100000163,0,0,36,1,2130.5499999999997,1,2
100000164,0,0,70,2,3749.9666666666667,2,2
100000165,0,0,36,1,2074.0833333333335,1,2
100000166,0,0,32,0,2351.9333333333334,1,1
100000167,1,1,33,1,1737.9333333333334,1,2
100000168,1,1,20,1,2461.4500000000003,1,2
100000169,1,1,25,1,2086.133333333333,1,1
100000170,0,1,31,1,1922.8166666666666,1,2
100000171,0,0,33,1,1590.75,1,0
100000172,1,1,26,1,1585.9833333333333,1,1
100000173,1,1,34,1,2550.516666666667,2,2
100000174,0,0,33,1,1814.9833333333333,1,0
100000175,0,0,26,0,1891.9166666666667,1,1
100000176,1,1,53,2,3520.4833333333336,2,0
100000177,0,1,42,2,2021.7833333333335,1,0
100000178,0,0,52,1,2195.4500000000003,1,2
100000179,0,0,31,0,2226.233333333333,2,1
100000180,0,0,65,2,1955.5666666666666,1,0
100000181,0,1,28,1,2954.85,1,2
100000182,0,1,30,1,2812.7166666666667,2,1
100000183,0,0,40,1,1295.3333333333333,0,0
100000184,0,0,50,1,2944.0833333333335,1,2
100000185,0,0,36,1,1770.0833333333333,1,1
100000186,0,0,31,0,1629.75,1,1
100000187,1,1,74,3,3572.7333333333336,2,1
100000188,0,0,68,2,1242.0833333333333,0,0
100000189,0,1,20,1,1649.8,1,0
100000190,1,1,33,1,2226.016666666667,1,1
100000191,0,0,54,1,3627.5166666666664,2,2
100000192,0,0,34,1,1942.0833333333333,0,0
100000193,0,0,36,1,2255.0333333333333,1,2
100000194,0,1,29,1,1773.8999999999999,1,1
100000195,0,0,21,0,2139.1666666666665,1,2
100000196,1,1,34,1,2460.4333333333334,2,2
100000197,1,1,28,1,1711.6166666666668,1,0
100000198,1,1,27,1,2004.3666666666668,1,0
100000199,0,0,36,1,2070.233333333333,1,2
100000200,0,1,40,1,2920.383333333333,2,1
100000201,0,0,52,1,2291.116666666667,1,0
100000202,0,1,27,1,1096.9166666666667,0,0
100000203,0,0,26,0,2164.4,1,1
100000204,0,1,21,1,1474.5833333333333,1,1
100000205,0,0,38,1,1244.4333333333334,0,0
100000206,0,0,38,1,3704.9,2,2
100000207,0,0,43,1,1881.3,1,0
100000208,0,0,26,0,1723.5166666666667,1,2
100000209,0,1,21,1,1881.1333333333332,0,0
100000210,0,0,55,1,2632.3333333333335,1,2
100000211,0,0,33,1,1930.5833333333333,1,2
100000212,1,1,45,2,1830.1166666666668,0,0
100000213,0,0,50,1,2511.65,1,1
100000214,0,0,66,2,2982.7833333333333,2,0
100000215,0,0,51,1,2212.7833333333333,1,0
100000216,1,1,39,2,1435.8666666666668,0,0
100000217,0,0,31,0,1908.8,1,2
100000218,0,0,23,0,2231.866666666667,1,1
100000219,0,1,24,1,1353.5,0,0
100000220,1,1,64,3,2187.366666666667,1,0
100000221,0,1,26,1,1146.7333333333333,0,0
100000222,1,1,23,1,1616.0166666666667,1,1
100000223,0,0,30,0,1511.9833333333333,1,2
100000224,0,0,32,0,1901.9333333333334,1,1
100000225,0,0,30,0,2143.983333333333,1,1
100000226,0,0,27,0,1777.05,1,1
100000227,0,0,27,0,3937.7333333333336,1,1
100000228,0,0,53,1,3463.0499999999997,2,1
100000229,0,0,22,0,1528.9833333333333,1,1
100000230,0,0,22,0,1796.3333333333333,1,2
100000231,0,0,26,0,2319.2833333333333,1,2
100000232,0,0,51,1,2029.1833333333334,0,0
100000233,0,0,35,1,2032.8999999999999,1,0
100000234,0,1,25,1,1172.0,0,0
100000235,0,0,42,1,1305.45,0,0
100000236,0,0,30,0,2190.5499999999997,2,0
100000237,0,0,23,0,2784.6,0,2
100000238,0,1,61,2,2179.7999999999997,0,0
100000239,1,1,35,1,1790.1333333333332,1,1
100000240,0,0,39,1,1922.05,1,1
100000241,1,1,29,1,1650.2,1,0
100000242,0,0,51,1,1933.2666666666667,1,1
100000243,0,0,24,0,2055.883333333333,1,1
100000244,1,1,27,1,1666.8,1,0
100000245,1,1,35,1,2085.0833333333335,0,0
100000246,0,0,25,0,1533.6666666666667,1,2
100000247,0,0,52,1,1806.0833333333333,1,2
100000248,0,0,35,1,1882.9833333333333,1,0
100000249,0,0,26,0,1953.6833333333334,1,1
100000250,1,1,22,1,1480.0,1,2
100000251,1,1,39,2,1918.3166666666666,0,0
100000252,1,1,46,2,1889.9833333333333,0,0
100000253,1,1,24,1,1931.3166666666666,1,1
100000254,0,0,35,1,2354.5,1,2
100000255,0,0,24,0,1793.8833333333332,1,1
100000256,0,0,27,0,2195.85,0,0
100000257,0,0,35,1,1394.7833333333335,0,0
100000258,0,1,29,1,1780.4666666666665,1,2
100000259,1,1,23,1,2258.9500000000003,1,1
100000260,1,1,57,2,1785.7,0,0
100000261,0,0,27,0,1624.1000000000001,1,1
100000262,1,1,55,2,2105.9500000000003,1,2
100000263,0,0,36,1,2826.9500000000003,2,1
100000264,1,1,57,2,1815.75,0,0
100000265,0,0,32,0,1122.4166666666667,0,0
100000266,0,0,37,1,1770.25,1,0
100000267,0,0,36,1,2487.2833333333333,1,0
100000268,1,1,38,1,1868.7333333333333,1,0
100000269,0,1,45,2,3585.8333333333335,2,2
100000270,0,0,25,0,1492.2333333333333,1,1
100000271,0,0,32,0,1851.3666666666668,1,2
100000272,1,1,37,1,2284.483333333333,1,1
100000273,0,0,36,1,4075.683333333333,2,2
100000274,0,0,28,0,2011.8666666666668,1,1
100000275,0,1,34,1,2922.7833333333333,0,0
100000276,0,0,32,0,1856.9666666666665,1,1
100000277,1,1,26,1,1848.55,1,0
100000278,0,1,49,2,1404.45,0,0
100000279,1,1,32,1,2281.4333333333334,1,2
100000280,0,0,29,0,2414.733333333333,2,2
100000281,0,0,23,0,2519.6666666666665,1,1
100000282,0,0,50,1,1916.6166666666668,1,1
100000283,0,0,49,1,1682.6833333333334,0,0
100000284,0,0,63,2,2080.8166666666666,1,2
100000285,0,1,37,1,2538.4666666666667,1,2
100000286,1,1,35,1,2799.0833333333335,0,1
100000287,0,0,26,0,2111.766666666667,1,2
100000288,0,0,31,0,3500.2833333333333,2,2
100000289,1,1,49,2,2094.4166666666665,1,1
100000290,0,1,48,2,1853.0666666666666,1,1
100000291,0,1,26,1,1568.8999999999999,1,0
100000292,0,1,28,1,3577.0,2,1
100000293,1,1,44,2,3230.2666666666664,2,1
100000294,0,0,56,1,2811.9,1,1
100000295,0,1,46,2,3383.2833333333333,2,1
100000296,1,1,26,1,3207.5166666666664,1,2
100000297,1,1,20,1,2132.133333333333,1,2
100000298,0,0,45,1,1304.2166666666667,0,0
100000299,0,0,43,1,1974.1000000000001,1,1
100000300,0,0,32,0,2689.65,1,2
100000301,1,1,54,2,943.6999999999999,0,0
100000302,1,1,42,2,2435.2833333333333,1,1
100000303,0,0,37,1,1506.9666666666665,0,0
100000304,0,0,49,1,1817.55,1,0
100000305,0,0,44,1,3655.316666666667,1,0
100000306,0,1,33,1,2411.6833333333334,1,1
100000307,1,1,24,1,1707.0833333333333,0,0
100000308,0,1,33,1,1331.1166666666666,0,0
100000309,1,1,24,1,1785.2333333333333,1,2
100000310,0,1,22,1,1037.7166666666667,0,0
100000311,0,0,40,1,1542.7833333333335,0,0
100000312,0,0,25,0,2439.15,1,0
100000313,1,1,26,1,2363.75,1,1
100000314,0,1,25,1,1143.0333333333333,0,0
100000315,0,0,29,0,1424.6000000000001,0,0
100000316,0,0,31,0,1851.5166666666667,1,2
100000317,0,0,38,1,1118.5,0,0
100000318,1,1,48,2,2102.5666666666666,0,0
100000319,0,0,32,0,1537.6166666666668,1,2
100000320,1,1,27,1,1560.0833333333333,0,0
100000321,0,1,28,1,2753.1666666666665,2,0
100000322,0,1,32,1,1786.5833333333333,1,0
100000323,0,0,34,1,2417.65,2,0
100000324,0,0,28,0,2472.7166666666667,1,0
100000325,1,1,36,1,1761.3500000000001,1,2
100000326,0,0,39,1,1562.2,0,0
100000327,0,0,49,1,2579.633333333333,1,2
100000328,1,1,34,1,2489.266666666667,1,2
100000329,0,0,31,0,2427.8333333333335,1,1
100000330,0,0,28,0,1693.1499999999999,1,2
100000331,0,0,75,2,3555.5499999999997,2,1
100000332,1,1,30,1,2040.3333333333333,1,0
100000333,1,1,24,1,3497.6,2,1
100000334,1,1,24,1,3016.7166666666667,0,0
100000335,0,0,23,0,1963.3999999999999,1,1
100000336,0,1,44,2,2677.5,2,1
100000337,1,1,23,1,1410.1833333333334,0,0
100000338,1,1,24,1,1641.3166666666666,1,2
100000339,0,0,28,0,2039.3166666666666,1,2
100000340,0,1,31,1,1356.5666666666666,0,0
100000341,1,1,24,1,2506.2000000000003,1,1
100000342,1,1,26,1,1539.75,0,0
100000343,0,1,25,1,2497.516666666667,1,2
100000344,0,0,33,1,2798.9833333333336,2,1
100000345,0,0,37,1,1923.7666666666667,0,0
100000346,1,1,43,2,1423.3666666666668,0,0
100000347,0,0,23,0,1596.9166666666667,1,2
100000348,1,1,23,1,1625.3,0,0
100000349,0,0,34,1,1455.9166666666667,0,0
100000350,0,0,32,0,2432.2166666666667,1,1
100000351,1,1,23,1,1621.7833333333335,1,0
100000352,1,1,29,1,1807.2333333333333,1,2
100000353,0,0,38,1,2521.866666666667,2,1
100000354,0,0,28,0,2364.116666666667,1,1
100000355,0,0,46,1,2177.9166666666665,1,2
100000356,0,0,23,0,1155.1499999999999,0,0
100000357,0,0,49,1,2024.4333333333334,1,2
100000358,0,0,26,0,2559.766666666667,2,2
100000359,0,1,28,1,1547.4833333333333,1,0
100000360,1,1,23,1,1808.9833333333333,1,2
100000361,0,0,61,2,2159.266666666667,1,2
100000362,0,0,37,1,2835.7666666666664,2,0
100000363,1,1,36,1,2256.383333333333,1,1
100000364,0,1,21,1,1612.8166666666666,1,2
100000365,0,0,25,0,728.0666666666666,0,0
100000366,0,0,36,1,1725.3500000000001,1,0
100000367,0,0,27,0,1974.9833333333333,1,1
100000368,1,1,22,1,1994.7333333333333,1,2
100000369,0,0,42,1,2109.766666666667,1,1
100000370,1,1,40,2,2280.2000000000003,1,2
100000371,0,0,36,1,1971.2833333333335,1,1
100000372,0,0,33,1,2409.9500000000003,1,1
100000373,1,1,23,1,1767.3833333333332,1,0
100000374,0,0,63,2,4538.566666666667,2,2
100000375,1,1,60,2,5156.066666666667,2,2
100000376,1,1,37,1,2839.7666666666664,1,1
100000377,0,1,34,1,1874.3,1,0
100000378,0,0,36,1,1614.0,1,1
100000379,0,0,57,2,4698.716666666666,2,1
100000380,1,1,52,2,1592.5166666666667,0,0
100000381,0,0,39,1,1872.45,1,2
100000382,1,1,38,1,4349.616666666667,2,2
100000383,1,1,25,1,1655.8999999999999,1,0
100000384,0,0,26,0,1858.4833333333333,1,2
100000385,0,0,26,0,1754.2,0,0
100000386,1,1,25,1,1808.7,1,0
100000387,1,1,21,1,1577.5833333333333,1,1
100000388,0,0,40,1,3361.65,2,1
100000389,0,0,27,0,2331.133333333333,1,2
100000390,1,1,27,1,1709.05,1,1
100000391,0,1,30,1,2241.116666666667,2,2
100000392,1,1,19,1,1853.1166666666668,0,0
100000393,0,0,39,1,2538.366666666667,2,1
100000394,1,1,31,1,1843.5,1,2
100000395,0,0,31,0,2297.116666666667,2,2
100000396,0,0,32,0,3682.0499999999997,1,2
100000397,1,1,55,2,2761.9500000000003,2,2
100000398,0,1,46,2,2038.3166666666666,1,0
100000399,0,1,46,2,2008.3166666666666,1,0
100000400,1,1,43,2,2107.483333333333,0,0
100000401,0,1,39,1,1805.25,1,2
100000402,0,1,28,1,1875.25,1,1
100000403,0,0,27,0,2742.65,1,1
100000404,0,0,27,0,987.3000000000001,0,0
100000405,0,0,43,1,2185.5499999999997,1,0
100000406,0,1,22,1,1819.8,1,0
100000407,0,0,43,1,1923.2166666666665,1,1
100000408,0,1,27,1,1578.5166666666667,1,2
100000409,0,1,26,1,2864.3333333333335,2,0
100000410,0,1,28,1,2323.5666666666666,1,2
100000411,1,1,20,1,1848.8500000000001,1,1
100000412,0,0,35,1,3125.816666666667,2,2
100000413,0,0,42,1,2425.133333333333,2,0
100000414,0,0,40,1,1737.3333333333333,0,0
100000415,1,1,35,1,1804.5333333333335,1,1
100000416,0,0,35,1,2400.0666666666666,1,2
100000417,0,0,33,1,1351.3833333333334,0,0
100000418,1,1,23,1,2779.383333333333,1,1
100000419,1,1,31,1,2925.5,2,1
100000420,1,1,33,1,1873.7,1,1
100000421,1,1,20,1,2568.9,1,2
100000422,0,0,30,0,1873.3500000000001,1,1
100000423,0,0,47,1,1428.1666666666667,0,0
100000424,0,0,34,1,2431.6,2,2
100000425,1,1,25,1,2042.5333333333335,1,2
100000426,0,1,21,1,1924.8999999999999,1,2
100000427,0,0,29,0,1824.45,1,0
100000428,0,0,46,1,2470.4333333333334,1,2
100000429,0,0,20,0,1475.9833333333333,1,1
100000430,1,1,55,2,1039.8833333333334,0,0
100000431,0,0,74,2,2035.55,0,0
100000432,0,0,29,0,3848.0499999999997,2,2
100000433,0,0,36,1,2278.15,2,2
100000434,0,1,33,1,1819.0833333333333,1,0
100000435,0,0,25,0,1674.1499999999999,1,2
100000436,0,1,25,1,1770.8833333333332,1,0
100000437,0,1,23,1,1412.45,0,0
100000438,1,1,37,1,2491.0833333333335,1,1
100000439,0,0,65,2,1407.25,0,0
100000440,1,1,26,1,861.35,0,0
100000441,0,0,39,1,2319.9666666666667,2,1
100000442,1,1,30,1,1776.2833333333335,1,1
100000443,0,0,29,0,1956.2,1,2
100000444,0,0,41,1,1160.1499999999999,0,0
100000445,1,1,30,1,2982.4500000000003,2,2
100000446,1,1,41,2,1362.3833333333334,0,0
100000447,1,1,34,1,1865.0,1,1
100000448,0,0,35,1,2027.5,1,0
100000449,1,1,55,2,2877.316666666667,2,2
100000450,0,1,61,2,2929.0,1,1
100000451,0,0,30,0,3667.5,2,2
100000452,1,1,29,1,1586.6666666666667,1,1
100000453,0,0,34,1,1893.4833333333333,1,1
100000454,0,0,35,1,2392.5333333333333,2,2
100000455,0,0,31,0,2182.883333333333,1,2
100000456,1,1,29,1,2432.4333333333334,2,2
100000457,0,0,36,1,2103.4333333333334,1,1
100000458,0,0,35,1,2007.1000000000001,1,0
100000459,1,1,27,1,1532.0833333333333,1,2
100000460,0,0,32,0,2160.5,1,2
100000461,0,0,37,1,2071.133333333333,1,2
100000462,0,0,36,1,1754.0,1,1
100000463,1,1,34,1,2703.0,2,0
100000464,0,0,38,1,1775.8666666666668,1,2
100000465,0,0,34,1,1764.05,1,2
100000466,0,0,63,2,2305.4500000000003,1,1
100000467,1,1,29,1,1269.2333333333333,0,0
100000468,0,0,32,0,2583.5333333333333,1,1
100000469,1,1,26,1,1906.1499999999999,1,1
100000470,0,0,35,1,1713.9833333333333,0,0
100000471,0,1,22,1,2213.266666666667,1,0
100000472,1,1,23,1,1495.7,1,2
100000473,0,0,28,0,976.9166666666666,0,0
100000474,0,0,36,1,2176.7166666666667,2,2
100000475,0,1,33,1,1839.0,1,0
100000476,1,1,26,1,1962.1499999999999,1,2
100000477,0,0,24,0,2180.133333333333,1,0
100000478,0,0,25,0,2456.7000000000003,1,2
100000479,0,0,39,1,1559.45,0,0
100000480,0,0,44,1,1821.4833333333333,1,1
100000481,1,1,23,1,1645.7,0,0
100000482,0,0,26,0,1687.8333333333333,1,0
100000483,1,1,57,2,3130.5833333333335,1,1
100000484,1,1,30,1,2345.6833333333334,1,0
100000485,0,0,44,1,2221.0833333333335,1,2
100000486,0,0,47,1,2468.3333333333335,2,2
100000487,0,0,52,1,2183.6833333333334,1,2
100000488,1,1,62,2,2543.6666666666665,1,2
100000489,0,0,35,1,1417.2166666666665,0,0
100000490,0,0,26,0,1908.5666666666666,1,1
100000491,0,0,26,0,1655.1166666666668,1,1
100000492,1,1,42,2,3657.5166666666664,2,2
100000493,1,1,27,1,1900.1166666666668,1,0
100000494,0,0,38,1,1714.1000000000001,1,0
100000495,0,0,39,1,1358.05,0,0
100000496,0,1,20,1,1796.3166666666666,1,2
100000497,0,0,29,0,3706.0,2,2
100000498,0,0,40,1,1785.4166666666667,1,0
100000499,0,1,32,1,1334.6666666666667,0,0
100000500,0,1,28,1,2160.0,1,0
100000501,1,1,27,1,1976.8833333333332,1,1
100000502,0,0,42,1,2437.2833333333333,1,1
100000503,0,1,49,2,2407.6833333333334,1,2
100000504,0,0,38,1,2074.7833333333333,1,0
100000505,1,1,24,1,1630.4333333333334,1,0
100000506,0,0,27,0,1068.4166666666667,0,0
100000507,0,0,36,1,2606.233333333333,1,2
100000508,0,0,34,1,3423.0499999999997,2,2
100000509,0,1,28,1,1649.3999999999999,1,2
100000510,0,0,45,1,3697.366666666667,2,2
100000511,0,0,26,0,1467.1166666666668,1,2
100000512,0,0,32,0,2675.2166666666667,2,2
100000513,0,0,26,0,2075.6,1,2
100000514,0,1,20,1,1560.5666666666666,1,0
100000515,0,0,54,1,2078.75,1,0
100000516,1,1,37,1,1707.6000000000001,1,0
100000517,0,0,40,1,1249.5833333333333,0,0
100000518,1,1,23,1,2564.35,1,1
100000519,0,0,43,1,1989.1833333333334,1,2
100000520,0,0,36,1,1590.6333333333332,1,2
100000521,0,0,44,1,2466.116666666667,1,2
100000522,1,1,24,1,1947.7166666666665,1,1
100000523,0,0,53,1,2843.7000000000003,1,1
100000524,1,1,23,1,2207.1,1,1
100000525,1,1,26,1,1291.9833333333333,0,0
100000526,0,0,30,0,2823.4166666666665,1,2
100000527,1,1,31,1,2000.5,1,0
100000528,0,0,42,1,1298.8833333333334,0,0
100000529,0,1,31,1,1831.5333333333335,1,1
100000530,0,0,41,1,1151.0333333333333,0,0
100000531,0,0,32,0,1939.1333333333332,1,0
100000532,1,1,28,1,2286.4666666666667,1,1
100000533,0,1,41,1,1836.6499999999999,1,0
100000534,0,1,26,1,1831.5,1,1
100000535,0,0,25,0,1829.1833333333334,1,2
100000536,0,1,33,1,2160.85,1,1
100000537,1,1,75,3,2835.2166666666667,2,1
100000538,1,1,37,1,2338.0833333333335,1,1
100000539,0,0,42,1,3300.4833333333336,2,2
100000540,1,1,45,2,2004.3666666666668,0,0
100000541,0,1,23,1,1752.2833333333335,1,1
100000542,0,0,60,2,2122.85,1,0
100000543,0,0,31,0,2428.15,1,0
100000544,0,0,34,1,1710.2833333333335,0,1
100000545,0,0,61,2,1511.8166666666666,0,0
100000546,0,0,43,1,1784.9833333333333,1,1
100000547,1,1,37,1,1933.6833333333334,1,2
100000548,0,0,32,0,1673.7666666666667,1,2
100000549,1,1,24,1,1037.4833333333333,0,0
100000550,0,0,35,1,2882.616666666667,1,1
100000551,1,1,23,1,1583.3833333333332,1,1
100000552,0,0,45,1,1828.3,0,0
100000553,0,1,34,1,2622.9333333333334,1,0
100000554,0,0,27,0,2053.1833333333334,1,2
100000555,1,1,67,3,2850.866666666667,2,0
100000556,0,0,22,0,1655.4666666666665,1,0
100000557,1,1,28,1,2229.983333333333,1,2
100000558,1,1,29,1,2304.266666666667,1,2
100000559,0,0,27,0,1927.3,1,0
100000560,0,0,31,0,1370.6333333333332,0,0
100000561,0,0,49,1,2125.7166666666667,1,1
100000562,0,0,24,0,1066.45,0,0
100000563,1,1,29,1,1913.0666666666666,1,0
100000564,0,0,37,1,3624.1666666666665,1,1
100000565,0,0,37,1,2895.85,2,2
100000566,1,1,23,1,2047.5,1,0
100000567,0,1,36,1,1749.2166666666665,1,0
100000568,0,0,34,1,2539.516666666667,1,1
100000569,0,0,41,1,2331.75,1,0
100000570,1,1,31,1,2611.6666666666665,1,1
100000571,1,1,23,1,1441.4666666666665,0,0
100000572,0,0,38,1,2457.866666666667,1,0
100000573,1,1,26,1,2833.183333333333,2,0
100000574,1,1,22,1,1039.6833333333334,0,0
100000575,0,0,27,0,1182.1000000000001,0,0
100000576,1,1,24,1,1883.3999999999999,1,1
100000577,1,1,27,1,2096.0,1,0
100000578,1,1,33,1,1865.3,1,2
100000579,0,1,27,1,2011.2333333333333,1,1
100000580,0,1,27,1,1059.95,0,0
100000581,0,0,30,0,1717.8166666666666,1,1
100000582,0,0,49,1,1801.3166666666666,0,0
100000583,1,1,26,1,1685.9833333333333,1,1
100000584,0,0,33,1,1470.1833333333334,0,0
100000585,1,1,52,2,2650.866666666667,2,1
100000586,1,1,20,1,1710.3833333333332,1,2
100000587,0,0,36,1,1926.4833333333333,1,0
100000588,0,0,21,0,985.4499999999999,0,0
100000589,0,1,47,2,1370.6666666666667,0,0
100000590,0,0,60,2,2157.0833333333335,1,1
100000591,1,1,58,2,1450.9666666666665,0,0
100000592,1,1,42,2,2141.0333333333333,1,2
100000593,1,1,36,1,2023.3833333333332,0,0
100000594,1,1,20,1,1469.0166666666667,0,0
100000595,0,0,40,1,2249.1,2,2
100000596,1,1,32,1,1567.6333333333332,0,0
100000597,1,1,23,1,1654.75,1,1
100000598,0,0,36,1,1807.2,0,0
100000599,0,0,31,0,1856.1499999999999,1,0
100000600,0,0,32,0,2043.5333333333335,1,2
100000601,1,1,45,2,2239.1666666666665,1,0
100000602,1,1,30,1,1813.9666666666665,1,2
100000603,1,1,34,1,1514.2,0,0
100000604,1,1,28,1,2526.3333333333335,2,2
100000605,1,1,23,1,1928.0166666666667,1,1
100000606,0,0,22,0,2194.983333333333,1,1
100000607,0,0,74,2,3208.0166666666664,2,1
100000608,1,1,50,2,2585.366666666667,1,2
100000609,0,0,33,1,1766.9166666666667,1,2
100000610,0,0,45,1,1806.3,1,0
100000611,1,1,22,1,1754.2833333333335,1,1
100000612,1,1,48,2,1979.8,0,0
100000613,1,1,29,1,2715.9166666666665,1,2
100000614,1,1,22,1,1991.8500000000001,1,2
100000615,1,1,22,1,1700.0,1,0
100000616,0,0,48,1,4240.816666666667,2,1
100000617,0,0,27,0,3474.1,2,2
100000618,0,0,37,1,2080.0833333333335,1,0
100000619,1,1,21,1,2322.983333333333,1,0
100000620,0,1,49,2,1304.9333333333334,0,0
100000621,0,0,27,0,2093.2999999999997,1,1
100000622,0,0,32,0,1670.25,1,2
100000623,0,1,38,1,2182.516666666667,1,2
100000624,1,1,22,1,1708.0,1,2
100000625,0,0,65,2,2280.2000000000003,1,1
100000626,0,0,35,1,1781.9833333333333,1,1
100000627,0,0,41,1,2183.6666666666665,1,2
100000628,0,0,29,0,1990.4833333333333,1,1
100000629,0,0,36,1,2575.35,1,1
100000630,0,0,64,2,1964.0333333333335,0,0
100000631,1,1,28,1,2076.1,1,2
100000632,0,0,44,1,1833.4833333333333,1,2
100000633,0,0,23,0,1686.8333333333333,1,1
100000634,1,1,19,1,1687.6333333333332,1,0
100000635,1,1,25,1,1317.4166666666667,0,0
100000636,0,0,47,1,1847.7666666666667,1,0
100000637,1,1,28,1,2160.6666666666665,1,2
100000638,0,0,21,0,3783.683333333333,1,1
100000639,1,1,34,1,1809.1499999999999,1,1
100000640,0,0,26,0,2044.8833333333332,1,0
100000641,1,1,27,1,597.1999999999999,0,0
100000642,0,0,38,1,1364.5,0,0
100000643,0,0,40,1,2996.5,2,2
100000644,0,1,33,1,1785.9666666666665,1,1
100000645,0,1,32,1,2277.2999999999997,2,1
100000646,0,0,27,0,2635.7833333333333,1,2
100000647,0,1,32,1,2209.7833333333333,1,2
100000648,1,1,26,1,2135.6666666666665,1,2
100000649,0,0,38,1,1956.75,1,1
100000650,0,0,40,1,1141.25,0,0
100000651,0,0,50,1,3360.933333333333,2,2
100000652,0,0,37,1,1449.45,0,0
100000653,0,0,45,1,1966.7666666666667,1,1
100000654,0,0,42,1,3727.1666666666665,2,2
100000655,0,0,35,1,1840.7,1,0
100000656,0,0,22,0,1928.1833333333334,1,2
100000657,0,0,41,1,1337.2,0,0
100000658,0,0,37,1,3127.4500000000003,1,1
100000659,1,1,28,1,2315.866666666667,1,1
100000660,0,0,41,1,2712.866666666667,1,2
100000661,0,1,23,1,1864.3666666666668,1,1
100000662,0,1,23,1,1500.8500000000001,1,1
100000663,0,0,50,1,2023.3333333333333,1,1
100000664,0,0,35,1,2283.3333333333335,2,2
100000665,1,1,50,2,1750.5166666666667,0,0
100000666,0,0,27,0,2869.2166666666667,2,2
100000667,0,0,34,1,2836.4,1,1
100000668,1,1,27,1,2054.65,1,1
100000669,0,0,43,1,2346.5833333333335,1,0
100000670,0,0,47,1,2407.6,1,0
100000671,0,0,27,0,1746.2166666666665,0,0
100000672,0,0,31,0,2555.883333333333,1,1
100000673,0,0,42,1,3716.9666666666667,2,1
100000674,0,1,24,1,2152.9500000000003,1,2
100000675,0,0,41,1,1907.9166666666667,0,1
100000676,1,1,26,1,2688.7166666666667,2,1
100000677,0,0,33,1,2262.75,1,2
100000678,0,1,24,1,2640.35,1,0
100000679,0,0,64,2,1732.3500000000001,0,0
100000680,1,1,26,1,1696.3833333333332,1,2
100000681,1,1,56,2,2108.85,1,1
100000682,0,0,37,1,1856.5666666666666,1,1
100000683,0,1,33,1,1726.2833333333335,1,2
100000684,0,1,47,2,2492.4166666666665,1,1
100000685,0,0,31,0,2864.2833333333333,0,0
100000686,0,0,34,1,2496.366666666667,1,1
100000687,0,0,27,0,1874.5,1,1
100000688,0,0,30,0,2231.7833333333333,1,2
100000689,0,0,35,1,2130.8166666666666,1,1
100000690,0,0,31,0,2671.3166666666666,1,2
100000691,0,1,25,1,1539.4333333333334,1,2
100000692,1,1,25,1,1746.5666666666666,0,0
100000693,0,0,29,0,2223.9333333333334,1,1
100000694,0,0,44,1,1839.5666666666666,0,0
100000695,0,0,28,0,1737.7166666666665,1,1
100000696,0,0,50,1,2312.5333333333333,1,0
100000697,0,0,29,0,1712.05,1,0
100000698,1,1,38,1,771.6166666666667,0,0
100000699,0,0,24,0,1607.0833333333333,1,1
100000700,0,0,40,1,2636.616666666667,2,1
100000701,1,1,29,1,1633.4666666666665,0,0
100000702,0,0,46,1,2624.5499999999997,1,0
100000703,1,1,47,2,2488.4333333333334,1,0
100000704,0,0,41,1,2320.6,1,1
100000705,1,1,32,1,2098.1666666666665,1,2
100000706,1,1,35,1,2885.4,1,1
100000707,0,0,24,0,2743.683333333333,1,1
100000708,1,1,25,1,2075.65,1,1
100000709,1,1,25,1,1793.5666666666666,1,1
100000710,0,0,37,1,1480.8166666666666,0,0
100000711,0,0,32,0,2476.1,2,2
100000712,1,1,35,1,1775.25,1,2
100000713,0,0,46,1,2507.75,2,1
100000714,0,0,25,0,1014.4666666666667,0,0
100000715,0,0,27,0,4253.3,2,2
100000716,0,0,63,2,3052.9666666666667,1,1
100000717,0,0,40,1,2024.1333333333332,1,2
100000718,0,0,32,0,2166.25,2,2
100000719,0,0,31,0,2215.8333333333335,1,2
100000720,0,1,31,1,2821.9,1,1
100000721,0,0,34,1,2465.9666666666667,2,1
100000722,1,1,24,1,2331.6,1,2
100000723,1,1,24,1,1133.8,0,0
100000724,1,1,66,3,2222.133333333333,0,0
100000725,1,1,21,1,1808.6333333333332,1,2
100000726,1,1,41,2,1878.3333333333333,0,0
100000727,0,1,47,2,1836.5,0,0
100000728,1,1,25,1,1751.7333333333333,1,1
100000729,1,1,59,2,3079.2166666666667,1,1
100000730,0,1,36,1,2708.6833333333334,1,2
100000731,0,0,33,1,2613.233333333333,1,1
100000732,0,0,21,0,1097.1166666666666,0,0
100000733,1,1,44,2,1474.8333333333333,0,0
100000734,1,1,28,1,2581.983333333333,1,2
100000735,1,1,37,1,2150.9666666666667,1,0
100000736,1,1,29,1,1292.2,0,0
100000737,1,1,23,1,3923.616666666667,2,2
100000738,0,0,35,1,1891.1333333333332,0,0
100000739,0,0,45,1,3180.0499999999997,2,2
100000740,1,1,26,1,2023.7166666666665,0,0
100000741,0,0,32,0,2022.45,1,1
100000742,0,0,23,0,1123.4666666666667,0,0
100000743,0,0,41,1,2050.7166666666667,1,1
100000744,0,0,22,0,2139.7833333333333,1,2
100000745,0,0,30,0,4167.5,2,1
100000746,0,0,28,0,1159.8,0,0
100000747,1,1,23,1,1825.7833333333335,1,1
100000748,1,1,37,1,1314.0,0,0
100000749,0,0,26,0,2185.366666666667,1,0
100000750,0,0,33,1,1923.3833333333332,1,1
100000751,1,1,49,2,1838.1833333333334,1,2
100000752,1,1,23,1,1080.1833333333334,0,0
100000753,1,1,23,1,1433.5833333333333,0,0
100000754,1,1,25,1,2373.9666666666667,1,2
100000755,0,0,55,1,2655.0499999999997,1,1
100000756,1,1,32,1,1749.2833333333335,1,1
100000757,0,0,74,2,1491.7,0,0
100000758,0,0,39,1,2021.8833333333332,1,1
100000759,0,0,31,0,1635.0333333333335,1,0
100000760,0,0,35,1,1575.8999999999999,1,1
100000761,1,1,59,2,2709.85,1,1
100000762,1,1,24,1,1777.1499999999999,1,2
100000763,0,0,24,0,1173.3333333333333,0,0
100000764,0,0,30,0,3927.6666666666665,2,2
100000765,0,1,27,1,2029.1166666666668,1,2
100000766,0,1,40,1,1417.6666666666667,0,0
100000767,0,1,31,1,1460.5,0,0
100000768,1,1,31,1,1994.55,1,0
100000769,0,0,28,0,2101.0,1,2
100000770,0,0,63,2,1602.4166666666667,0,0
100000771,1,1,26,1,1913.8333333333333,1,0
100000772,1,1,25,1,3241.0166666666664,2,2
100000773,0,0,36,1,2502.633333333333,2,2
100000774,0,0,52,1,2272.0499999999997,1,2
100000775,0,0,66,2,1864.3,0,0
100000776,1,1,25,1,1669.9666666666665,1,0
100000777,0,0,37,1,2057.5333333333333,1,2
100000778,1,1,25,1,2012.05,1,1
100000779,0,0,38,1,3593.9833333333336,2,1
100000780,1,1,67,3,2778.5333333333333,1,1
100000781,0,0,25,0,2271.6666666666665,1,1
100000782,0,0,60,2,2783.133333333333,1,2
100000783,0,0,31,0,1287.75,0,0
100000784,1,1,23,1,1432.7833333333335,0,0
100000785,0,1,60,2,3533.6666666666665,2,0
100000786,0,0,35,1,2100.9,0,0
100000787,0,0,40,1,2409.8166666666666,1,0
100000788,0,0,38,1,1945.3833333333332,1,1
100000789,0,0,50,1,2810.616666666667,1,1
100000790,0,0,27,0,2318.65,1,1
100000791,1,1,39,2,1976.8333333333333,1,2
100000792,0,0,41,1,3055.2000000000003,2,2
100000793,0,1,27,1,1605.3833333333332,1,0
100000794,0,1,51,2,2491.8333333333335,1,2
100000795,0,0,32,0,2365.366666666667,1,2
100000796,1,1,22,1,2003.8833333333332,1,0
100000797,0,0,51,1,2879.8333333333335,1,1
100000798,1,1,22,1,1112.0,0,0
100000799,0,1,54,2,1883.7333333333333,1,1
100000800,0,0,35,1,863.1833333333334,0,0
100000801,0,0,54,1,1973.4666666666665,1,2
100000802,1,1,48,2,1693.6000000000001,0,0
100000803,1,1,24,1,2120.8333333333335,1,0
100000804,0,0,35,1,1621.5,1,0
100000805,1,1,24,1,1782.8333333333333,0,0
100000806,0,0,24,0,2802.4500000000003,1,2
100000807,0,1,26,1,1141.1333333333334,0,0
100000808,0,0,65,2,2013.0,1,2
100000809,0,0,55,1,3866.5333333333333,2,2
100000810,1,1,26,1,898.3833333333333,0,0
100000811,0,1,26,1,1691.8500000000001,1,2
100000812,0,1,28,1,1150.7666666666667,0,0
100000813,0,0,24,0,2859.7333333333336,1,1
100000814,0,0,54,1,2206.116666666667,1,2
100000815,0,0,46,1,2240.5499999999997,1,2
100000816,1,1,54,2,3175.2999999999997,1,0
100000817,0,1,62,2,2539.4500000000003,1,1
100000818,1,1,24,1,1685.95,1,1
100000819,0,1,43,2,4659.883333333333,2,2
100000820,0,1,26,1,1611.9333333333334,1,2
100000821,0,1,27,1,1586.1833333333334,1,0
100000822,0,1,24,1,2152.7000000000003,1,2
100000823,0,0,41,1,1979.0333333333335,1,0
100000824,0,0,47,1,1241.8500000000001,0,0
100000825,0,1,35,1,2621.2000000000003,2,1
100000826,0,1,30,1,1706.2333333333333,1,0
100000827,1,1,33,1,2191.5333333333333,1,0
100000828,0,0,36,1,2145.0333333333333,1,2
100000829,0,0,47,1,2958.4833333333336,1,2
100000830,0,0,38,1,2724.1833333333334,1,1
100000831,0,0,44,1,2415.0,1,1
100000832,1,1,23,1,1618.5833333333333,1,2
100000833,0,0,29,0,3276.133333333333,1,2
100000834,1,1,42,2,2640.0833333333335,1,0
100000835,1,1,25,1,1622.9333333333334,0,0
100000836,0,0,48,1,1811.3,1,1
100000837,1,1,21,1,1539.1833333333334,1,0
100000838,1,1,23,1,1020.1833333333334,0,0
100000839,0,0,63,2,2310.733333333333,1,0
100000840,0,1,46,2,2080.4,1,2
100000841,0,0,29,0,2214.2000000000003,1,0
100000842,0,0,28,0,1351.1499999999999,0,0
100000843,1,1,23,1,1734.8999999999999,1,2
100000844,0,0,50,1,1914.2166666666665,1,0
100000845,0,0,47,1,2172.4,1,2
100000846,0,0,35,1,2251.5,1,0
100000847,0,0,68,2,2985.85,1,2
100000848,0,1,28,1,1623.1666666666667,1,1
100000849,0,0,59,2,2002.6666666666667,1,0
100000850,0,0,57,2,1371.2833333333335,0,0
100000851,0,1,33,1,1847.3999999999999,1,2
100000852,0,0,43,1,2218.4166666666665,1,0
100000853,0,0,35,1,1700.7,1,0
100000854,0,0,32,0,1156.1666666666667,0,0
100000855,0,0,45,1,3338.2999999999997,1,1
100000856,0,1,33,1,1950.6499999999999,1,2
100000857,1,1,40,2,1793.0833333333333,1,2
100000858,0,0,28,0,1907.1499999999999,1,0
100000859,1,1,29,1,2137.233333333333,1,2
100000860,0,0,26,0,2143.0,1,2
100000861,0,0,27,0,2962.616666666667,1,1
100000862,0,1,28,1,1770.3666666666668,1,0
100000863,1,1,35,1,1973.8,1,2
100000864,0,0,32,0,2324.616666666667,0,0
100000865,0,0,25,0,1185.9833333333333,0,0
100000866,1,1,20,1,2189.5,1,2
100000867,1,1,27,1,1859.45,1,2
100000868,0,0,42,1,2091.366666666667,1,2
100000869,0,0,37,1,2677.366666666667,1,2
100000870,1,1,24,1,1541.6333333333332,1,0
100000871,1,1,40,2,3328.5166666666664,1,2
100000872,0,0,46,1,2126.4666666666667,1,2
100000873,0,0,26,0,1791.8,1,2
100000874,1,1,24,1,1577.1499999999999,1,2
100000875,0,0,29,0,1459.9666666666665,0,2
100000876,1,1,40,2,2686.5666666666666,1,1
100000877,0,0,36,1,2289.0333333333333,2,2
100000878,0,0,28,0,1947.4666666666665,1,1
100000879,0,0,27,0,2086.5,2,1
100000880,0,0,36,1,2557.35,1,0
100000881,0,0,38,1,3255.4666666666667,2,2
100000882,0,1,48,2,3173.5499999999997,1,0
100000883,0,0,36,1,1977.6000000000001,1,1
100000884,1,1,65,3,1158.1166666666666,0,0
100000885,0,1,43,2,2421.883333333333,1,1
100000886,1,1,53,2,1950.0833333333333,1,1
100000887,0,0,34,1,2054.0499999999997,1,1
100000888,0,0,23,0,3963.316666666667,1,1
100000889,0,0,34,1,3010.2833333333333,2,2
100000890,0,0,40,1,2783.65,1,0
100000891,0,0,43,1,2462.4166666666665,2,2
100000892,0,0,46,1,1904.2333333333333,1,1
100000893,0,0,38,1,1352.5833333333333,0,0
100000894,0,0,34,1,2530.0499999999997,1,2
100000895,0,0,29,0,1572.6000000000001,1,2
100000896,0,0,31,0,3343.683333333333,2,2
100000897,1,1,28,1,2407.4666666666667,2,1
100000898,1,1,35,1,2513.2833333333333,1,0
100000899,1,1,33,1,1406.7333333333333,0,0
100000900,0,0,42,1,2222.883333333333,1,2
100000901,0,0,43,1,1991.7,1,2
100000902,0,1,44,2,2193.65,1,0
100000903,0,0,42,1,3234.7333333333336,1,2
100000904,0,1,40,1,1804.6333333333332,1,1
100000905,0,0,36,1,2183.116666666667,2,1
100000906,0,0,20,0,1943.0333333333335,2,2
100000907,0,0,24,0,1421.1666666666667,0,0
100000908,0,1,27,1,2153.7833333333333,1,0
100000909,1,1,46,2,1804.8500000000001,0,0
100000910,1,1,33,1,1718.1833333333334,0,0
100000911,1,1,34,1,2282.9166666666665,1,1
100000912,1,1,25,1,1858.3666666666668,0,0
100000913,1,1,25,1,2079.1666666666665,1,1
100000914,0,1,28,1,2441.0499999999997,1,2
100000915,0,0,31,0,1917.9166666666667,1,0
100000916,1,1,32,1,5141.516666666666,2,1
100000917,0,0,32,0,2106.133333333333,1,0
100000918,0,0,68,2,4787.45,2,2
100000919,0,1,33,1,2092.25,1,2
100000920,0,0,39,1,2553.7166666666667,2,2
100000921,1,1,28,1,1781.2166666666665,1,1
100000922,0,0,37,1,4481.766666666666,2,1
100000923,1,1,22,1,1629.2833333333335,1,2
100000924,0,0,30,0,1869.1833333333334,1,1
100000925,0,1,55,2,2881.816666666667,1,0
100000926,0,0,46,1,1723.1166666666668,1,1
100000927,1,1,21,1,1565.2666666666667,1,2
100000928,0,0,39,1,3166.0499999999997,1,2
100000929,0,0,58,2,2069.85,1,0
100000930,0,0,43,1,1286.75,0,0
100000931,0,0,24,0,1098.6166666666666,0,0
100000932,1,1,22,1,1827.9333333333334,1,0
100000933,0,0,30,0,1594.7,1,2
100000934,0,0,42,1,2091.9333333333334,1,2
100000935,1,1,23,1,1663.7,1,0
100000936,0,0,30,0,2580.9,2,1
100000937,1,1,28,1,1409.7,0,0
100000938,0,1,30,1,2430.0,2,0
100000939,0,0,42,1,2714.483333333333,1,1
100000940,0,0,46,1,3206.316666666667,2,2
100000941,0,0,45,1,2662.616666666667,2,2
100000942,0,0,31,0,1159.5166666666667,0,0
100000943,0,0,31,0,1560.8,1,2
100000944,0,0,42,1,1291.2,0,0
100000945,1,1,46,2,2025.0166666666667,1,0
100000946,1,1,30,1,3454.366666666667,1,0
100000947,0,0,30,0,2384.7000000000003,1,2
100000948,0,0,38,1,2462.6666666666665,2,1
100000949,0,1,43,2,1368.0333333333335,0,0
100000950,0,0,31,0,2216.516666666667,1,1
100000951,0,1,40,1,1307.2666666666667,0,0
100000952,0,0,24,0,1662.2833333333335,1,2
100000953,1,1,28,1,2748.5833333333335,1,0
100000954,1,1,26,1,3719.75,2,1
100000955,1,1,29,1,1806.6666666666667,1,2
100000956,1,1,57,2,3248.0333333333333,2,1
100000957,0,0,49,1,2036.4333333333334,0,0
100000958,0,0,37,1,1326.5666666666666,0,0
100000959,0,0,45,1,1739.25,0,0
100000960,0,0,30,0,2264.9,1,2
100000961,0,1,30,1,1728.3166666666666,1,1
100000962,0,1,47,2,2202.4166666666665,1,1
100000963,0,0,29,0,1954.5333333333335,1,2
100000964,0,0,35,1,2298.866666666667,1,0
100000965,0,1,22,1,1066.2,0,0
100000966,1,1,26,1,1888.3166666666666,1,2
100000967,0,0,23,0,1809.0,0,0
100000968,1,1,54,2,2907.066666666667,2,2
100000969,0,1,29,1,2583.1833333333334,1,2
100000970,0,0,40,1,1662.05,0,0
100000971,0,0,22,0,1909.7333333333333,1,2
100000972,0,0,43,1,2254.5833333333335,0,0
100000973,1,1,29,1,694.6666666666666,0,0
100000974,0,0,36,1,2646.15,1,1
100000975,1,1,33,1,2009.9333333333334,1,0
100000976,1,1,57,2,2327.35,0,0
100000977,1,1,64,3,2239.616666666667,1,0
100000978,0,0,42,1,2096.733333333333,1,2
100000979,0,0,47,1,1530.9666666666665,0,0
100000980,0,1,25,1,1960.6833333333334,1,2
100000981,0,0,49,1,3143.2333333333336,1,1
100000982,0,0,33,1,2713.7833333333333,2,2
100000983,1,1,28,1,2983.183333333333,2,2
100000984,0,0,26,0,2662.3166666666666,1,1
100000985,0,0,30,0,1223.3500000000001,0,0
100000986,1,1,25,1,1679.8999999999999,1,2
100000987,0,1,33,1,2796.0499999999997,1,1
100000988,1,1,64,3,2419.5666666666666,1,0
100000989,0,0,29,0,2938.2000000000003,2,1
100000990,0,0,48,1,1567.0666666666666,0,0
100000991,0,0,37,1,1562.3333333333333,0,0
100000992,0,0,34,1,1428.0833333333333,0,0
100000993,0,1,23,1,1166.6166666666666,0,0
100000994,0,0,30,0,2532.2999999999997,2,2
100000995,0,0,50,1,2047.1666666666667,1,1
100000996,1,1,31,1,1308.1499999999999,0,0
100000997,0,1,40,1,2699.983333333333,2,1
100000998,0,0,38,1,1633.8666666666668,1,2
100000999,0,0,23,0,1601.0,1,0
100001000,0,0,27,0,2466.133333333333,1,1
100001001,1,1,63,2,2247.5499999999997,1,1
100001002,0,0,66,2,2626.266666666667,2,2
100001003,0,1,43,2,3395.633333333333,2,1
100001004,0,1,44,2,4676.166666666667,2,2
100001005,0,1,65,3,1158.1166666666666,0,2
100001006,1,1,73,3,3568.7666666666664,2,1
100001007,0,0,60,2,2277.85,1,1
100001008,0,1,62,2,2905.616666666667,1,1
100001009,1,1,58,2,2111.8333333333335,1,1
100001010,1,1,43,2,2785.65,2,2
100001011,0,0,64,2,2034.8999999999999,1,2
100001012,0,1,37,3,2835.2166666666667,2,2
100001013,1,1,46,2,3211.633333333333,2,1
100001014,0,1,57,2,2403.2833333333333,1,2
100001015,0,1,51,2,2227.0499999999997,1,1
100001016,1,1,32,3,2850.866666666667,2,2
100001017,0,0,64,2,2174.866666666667,1,2
100001018,0,0,68,2,2261.75,1,1
100001019,1,1,55,2,2863.4,2,2
100001020,0,0,73,2,3202.7833333333333,2,1
100001021,1,1,34,3,2239.616666666667,1,2
100001022,0,1,44,2,2445.266666666667,1,1
100001023,0,0,58,2,4464.533333333334,1,1
100001024,1,1,65,2,2369.883333333333,0,1
100001025,1,1,56,2,3062.75,1,1
100001026,1,1,42,2,3644.4,2,2
100001027,1,1,65,3,2419.5666666666666,1,2
100001028,0,0,72,2,3749.35,2,2
100001029,1,1,45,2,4377.233333333334,2,2
100001030,0,0,68,2,4785.099999999999,2,2
100001031,0,0,60,2,2771.633333333333,2,1
100001032,1,1,30,3,2222.133333333333,0,2
100001033,0,0,63,2,2163.2999999999997,1,1
100001034,0,0,57,2,4684.733333333334,2,1
100001035,1,1,46,2,2677.9666666666667,1,2
100001036,1,1,70,3,2792.2000000000003,1,1
100001037,0,0,65,2,2976.5166666666664,1,2
100001038,0,0,63,2,4551.05,2,2
100001039,0,1,54,2,2490.1666666666665,1,2
100001040,0,1,49,2,2077.633333333333,1,2
100001041,1,1,64,2,2560.75,1,2
100001042,1,1,61,2,5142.150000000001,2,2
100001043,1,1,57,2,2584.366666666667,1,2
100001044,1,1,42,2,3327.566666666667,1,2
100001045,0,0,62,2,2078.7166666666667,1,2
100001046,1,1,41,2,2129.2000000000003,1,2
100001047,1,1,51,2,2626.5833333333335,2,1
100001048,1,1,38,2,2258.9,1,2
100001049,1,1,56,2,2771.066666666667,2,2
100001050,1,1,43,2,2454.3166666666666,1,1
100001051,1,1,48,2,2685.266666666667,1,1
100001052,0,0,61,2,2323.0,1,1
100001053,0,1,48,2,3562.7999999999997,2,2
100001054,0,0,68,2,2098.383333333333,1,2
100001055,1,1,62,2,2732.3333333333335,1,1
100001056,1,1,56,2,2889.633333333333,2,2
100001057,1,1,53,2,2114.116666666667,1,1
100001058,0,1,33,3,2778.5333333333333,1,2
100001059,1,1,60,2,3152.7666666666664,1,1
100001060,1,1,47,2,2695.233333333333,1,1
100001061,0,1,25,3,3572.7333333333336,2,2
100001062,0,0,64,2,3078.0,1,1
100001063,0,0,73,2,3578.866666666667,2,1
100001064,0,1,66,2,2542.116666666667,1,1
100001065,1,1,76,3,2839.433333333333,2,1
100001066,1,1,60,2,3242.2000000000003,2,1
100001067,1,1,57,2,2098.0499999999997,1,2
100001068,0,1,30,3,2187.366666666667,1,2
100001069,0,1,43,2,2664.6666666666665,2,1
100001070,0,0,57,2,2758.65,1,2
100001071,0,1,51,2,2494.2166666666667,1,1
100001072,1,1,61,2,2235.0333333333333,1,1
100001073,0,0,64,2,2656.2999999999997,2,2
100001074,0,1,41,2,3424.6,2,1
100001075,0,1,43,2,4676.099999999999,2,2
100001076,0,1,67,3,1197.05,0,2
100001077,1,1,71,3,3526.2000000000003,2,1
100001078,0,0,59,2,2268.7166666666667,1,1
100001079,0,1,60,2,2939.5333333333333,1,1
100001080,1,1,60,2,2137.85,1,1
100001081,1,1,45,2,2817.0,2,2
100001082,0,0,63,2,2037.7833333333335,1,2
100001083,0,1,38,3,2822.066666666667,2,2
100001084,1,1,46,2,3209.35,2,1
100001085,0,1,55,2,2429.6833333333334,1,2
100001086,0,1,50,2,2256.266666666667,1,1
100001087,1,1,30,3,2816.7000000000003,2,2
100001088,0,0,63,2,2141.15,1,2
100001089,0,0,67,2,2259.4500000000003,1,1
100001090,1,1,54,2,2844.066666666667,2,2
100001091,0,0,71,2,3206.0,2,1
100001092,1,1,32,3,2220.5833333333335,1,2
100001093,1,1,45,2,4347.45,2,2
100001094,0,0,65,2,4760.783333333334,2,2
100001095,0,0,62,2,2746.933333333333,2,1
100001096,1,1,28,3,2169.133333333333,0,2
100001097,0,0,65,2,2163.9666666666667,1,1
100001098,0,0,57,2,4694.116666666667,2,1
100001099,1,1,48,2,2621.75,1,2
100001100,1,1,71,3,2727.5666666666666,1,1
100001101,0,0,38,1,1373.3,1,1
100001102,0,1,40,1,1795.1666666666667,1,1
100001103,0,0,49,1,2039.1000000000001,1,1
100001104,0,1,32,1,2592.3333333333335,2,1
100001105,0,0,45,1,2126.2000000000003,1,1
100001106,0,0,40,1,2567.1833333333334,2,1
100001107,0,0,66,2,2748.85,2,2
100001108,0,0,38,1,2050.0499999999997,1,2
100001109,0,1,20,1,1493.4166666666667,1,1
100001110,0,0,48,1,1962.0166666666667,1,1
100001111,0,1,46,2,2815.066666666667,2,1
100001112,0,0,32,1,2292.9333333333334,2,2
100001113,0,0,54,1,1854.5666666666666,1,1
100001114,0,1,24,1,1570.8166666666666,2,2
100001115,0,1,27,1,3015.6666666666665,2,1
100001116,0,0,57,1,2083.866666666667,1,2
100001117,0,0,38,1,2300.1833333333334,2,1
100001118,0,0,40,1,2414.1666666666665,1,1
100001119,0,1,20,1,1787.8333333333333,1,2
100001120,0,0,36,1,1890.0833333333333,2,2
100001121,0,0,47,1,2288.9666666666667,1,2
100001122,0,0,64,2,2085.3166666666666,0,2
100001123,0,0,42,1,2662.4166666666665,2,2
100001124,0,0,44,1,3021.0333333333333,2,2
100001125,0,1,30,1,1508.3333333333333,2,2
100001126,0,0,37,1,1712.2166666666665,1,1
100001127,0,0,42,1,2258.2166666666667,1,2
100001128,0,1,62,2,2817.4,1,1
100001129,0,0,49,1,2975.816666666667,1,2
100001130,0,0,52,1,2661.9333333333334,1,2
100001131,0,1,36,1,2835.2999999999997,2,1
100001132,0,0,49,1,2398.1,0,1
100001133,0,0,42,1,2169.4,2,2
100001134,0,0,38,1,1907.9333333333334,1,1
100001135,0,0,50,1,2102.383333333333,1,1
100001136,0,1,34,1,2160.9,2,2
100001137,0,0,43,1,2053.366666666667,1,2
100001138,0,0,40,1,2675.4,1,1
100001139,0,0,56,2,2115.1,1,1
100001140,0,0,41,1,2399.9,2,2
100001141,0,1,30,1,2058.616666666667,2,2
100001142,0,1,28,1,2150.9166666666665,1,2
100001143,0,0,64,2,2271.866666666667,0,2
100001144,0,0,67,2,1874.7666666666667,1,2
100001145,0,0,37,1,2540.016666666667,2,1
100001146,0,0,31,1,2624.2166666666667,2,1
100001147,0,0,32,1,2381.1666666666665,2,2
100001148,0,1,52,2,2287.1833333333334,1,2
100001149,0,1,31,1,1740.1000000000001,1,1
100001150,0,0,36,1,2423.0833333333335,2,1
100001151,0,1,32,1,2441.983333333333,2,1
100001152,0,0,51,1,2103.7833333333333,1,2
100001153,0,0,47,1,1870.45,2,1
100001154,0,1,34,1,1835.75,1,2
100001155,0,1,46,2,2490.3166666666666,1,1
100001156,0,1,42,1,2944.1,1,1
100001157,0,0,39,1,1516.9833333333333,2,1
100001158,0,0,50,1,2826.316666666667,1,2
100001159,0,0,42,1,2371.75,1,2
100001160,0,1,36,1,2176.7000000000003,1,1
100001161,0,1,18,1,1649.8666666666668,1,1
100001162,0,0,35,1,3032.1,2,2
100001163,0,0,38,1,2547.733333333333,1,2
100001164,0,0,39,1,2263.9500000000003,2,2
100001165,0,1,24,1,2029.2833333333335,0,2
100001166,0,0,41,1,3037.9,1,1
100001167,0,0,36,1,2484.0,2,2
100001168,0,0,37,1,2569.9333333333334,2,2
100001169,0,1,45,2,2255.5333333333333,1,1
100001170,0,0,41,1,2236.6666666666665,2,2
100001171,0,0,36,1,2952.85,2,2
100001172,0,0,38,1,1932.7333333333333,0,2
100001173,0,0,38,1,2281.1833333333334,0,1
100001174,0,1,53,2,2659.3166666666666,2,2
100001175,0,0,35,1,1897.9666666666665,1,2
100001176,0,0,48,1,2853.383333333333,2,2
100001177,0,0,36,1,1703.0,1,2
100001178,0,1,22,1,1947.3999999999999,2,1
100001179,0,0,35,1,2330.733333333333,2,2
100001180,0,0,42,1,2607.1833333333334,0,1
100001181,0,0,39,1,1935.6166666666668,0,1
100001182,0,0,31,1,2384.6833333333334,1,1
100001183,0,0,33,1,2597.8333333333335,2,2
100001184,0,1,31,1,1782.0666666666666,0,1
100001185,0,0,42,1,1702.2166666666665,1,1
100001186,0,0,61,2,2420.4500000000003,0,1
100001187,0,0,38,1,2658.3333333333335,2,2
100001188,0,0,33,1,1641.6333333333332,0,1
100001189,0,0,48,1,2661.9,1,2
100001190,0,0,31,1,2030.8666666666668,0,1
100001191,0,0,52,1,2354.516666666667,2,2
100001192,0,1,27,1,2053.5499999999997,1,2
100001193,0,0,40,1,2395.383333333333,2,1
100001194,0,0,34,1,1875.6333333333332,0,1
100001195,0,1,26,1,1632.2,2,2
100001196,0,0,30,1,2566.7166666666667,0,1
100001197,0,0,53,1,2952.9833333333336,1,1
100001198,0,0,45,1,2134.2000000000003,1,2
100001199,0,0,32,1,1910.2833333333335,2,1
100001200,0,0,35,1,3047.0333333333333,2,2
100001201,0,1,26,1,2953.5833333333335,1,2
100001202,0,0,30,1,1848.8166666666666,1,1
100001203,0,0,37,1,1863.6833333333334,1,1
100001204,0,0,32,1,1621.7666666666667,2,1
100001205,0,1,40,1,2620.516666666667,1,1
100001206,0,0,44,1,2115.1,0,2
100001207,0,0,43,1,2220.7166666666667,1,2
100001208,0,0,51,1,1870.8333333333333,1,1
100001209,0,0,37,1,1739.1499999999999,0,1
100001210,0,0,33,1,2523.6833333333334,1,2
100001211,0,1,32,1,2968.0166666666664,2,1
100001212,0,0,35,1,1836.3500000000001,0,2
100001213,0,1,30,1,1883.5333333333335,1,1
100001214,0,1,35,1,2576.4166666666665,2,2
100001215,0,0,40,1,2411.733333333333,2,1
100001216,0,0,37,1,2360.5333333333333,2,2
100001217,0,0,37,1,1750.9166666666667,1,2
100001218,0,0,37,1,2076.616666666667,1,2
100001219,0,0,53,1,2669.4,2,1
100001220,0,0,34,1,2529.233333333333,2,1
100001221,0,0,51,1,2592.516666666667,1,1
100001222,0,1,26,1,1583.1000000000001,1,2
100001223,0,0,34,1,2930.0,0,1
100001224,0,0,51,1,2104.1,2,1
100001225,0,0,33,1,1937.6833333333334,1,2
100001226,0,1,32,1,1963.2666666666667,0,2
100001227,0,0,39,1,1922.7166666666665,1,1
100001228,0,0,53,1,2817.933333333333,1,1
100001229,0,0,34,1,1624.5666666666666,2,2
100001230,0,0,37,1,2339.016666666667,1,2
100001231,0,1,28,1,1908.3833333333332,1,1
100001232,0,1,25,1,1715.6166666666668,1,2
100001233,0,0,36,1,2529.6833333333334,2,2
100001234,0,1,36,1,2052.2166666666667,1,2
100001235,0,0,35,1,1981.3166666666666,1,2
100001236,0,1,21,1,2644.7166666666667,1,1
100001237,0,1,29,1,1791.8999999999999,1,2
100001238,0,0,60,2,3231.316666666667,1,1
100001239,0,0,45,1,2250.7166666666667,1,1
100001240,0,1,56,2,1809.3166666666666,0,1
100001241,0,1,30,1,2017.3,1,2
100001242,0,0,52,1,2532.4500000000003,2,2
100001243,0,1,26,1,1980.3333333333333,1,1
100001244,0,0,43,1,2025.2833333333335,1,1
100001245,0,0,34,1,1892.8666666666668,1,1
100001246,0,1,22,1,2186.1666666666665,1,2
100001247,0,0,42,1,1540.5,0,1
100001248,0,0,38,1,2075.9,0,1
100001249,0,1,29,1,1933.1333333333332,1,2
100001250,0,0,44,1,1788.3500000000001,1,2
100001251,0,1,29,1,1729.45,2,1
100001252,0,0,44,1,2358.2166666666667,1,2
100001253,0,0,38,1,2572.3166666666666,1,2
100001254,0,1,26,1,1872.8166666666666,0,1
100001255,0,0,53,1,2636.5499999999997,1,1
100001256,0,0,43,1,2395.5666666666666,1,1
100001257,0,0,33,1,2031.5,1,1
100001258,0,0,52,1,2126.8166666666666,0,1
100001259,0,1,26,1,1577.5,0,2
100001260,0,0,38,1,2925.066666666667,2,1
100001261,0,0,47,1,2758.25,1,2
100001262,0,1,26,1,2006.4833333333333,1,1
100001263,0,1,36,1,2755.6666666666665,1,1
100001264,0,0,36,1,1996.7333333333333,1,1
100001265,0,0,57,2,2572.4,2,1
100001266,0,1,31,1,1771.1000000000001,2,2
100001267,0,0,45,1,2268.8166666666666,1,1
100001268,0,0,40,1,2531.9,2,1
100001269,0,1,21,1,2024.55,1,1
100001270,0,0,46,1,2119.116666666667,1,2
100001271,0,0,35,1,2089.7833333333333,1,2
100001272,0,1,31,1,2324.8333333333335,0,2
100001273,0,0,51,1,2083.1666666666665,1,2
100001274,0,1,21,1,1691.1833333333334,2,1
100001275,0,0,48,1,2595.133333333333,1,1
100001276,0,0,48,1,2372.4166666666665,1,2
100001277,0,0,68,2,2477.9166666666665,0,1
100001278,0,1,45,2,1941.3999999999999,1,2
100001279,0,0,35,1,2503.9500000000003,2,2
100001280,0,1,22,1,1671.2166666666665,1,2
100001281,0,0,44,1,2038.2,0,1
100001282,0,0,52,1,2653.6,1,1
100001283,0,0,48,1,2168.0333333333333,1,2
100001284,0,0,33,1,2325.7833333333333,1,2
100001285,0,1,35,1,2048.25,1,1
100001286,0,1,64,2,2575.8166666666666,1,1
100001287,0,0,58,1,2488.5833333333335,0,2
100001288,0,1,24,1,1968.3500000000001,0,2
100001289,0,0,40,1,1930.5166666666667,0,2
100001290,0,0,49,1,1976.1833333333334,2,2
100001291,0,0,31,1,2315.1,1,2
100001292,0,0,46,1,1642.0,1,2
100001293,0,0,46,1,1776.2666666666667,1,1
100001294,0,0,49,1,2026.5333333333335,1,1
100001295,0,0,29,1,2260.0833333333335,0,1
100001296,0,0,37,1,1909.2,1,2
100001297,0,0,33,1,2522.3166666666666,2,1
100001298,0,0,71,2,2839.7833333333333,1,2
100001299,0,0,35,1,1971.4666666666665,1,2
100001300,0,0,40,1,1833.2,1,2
100001301,1,0,27,1,1510.8999999999999,0,0
100001302,1,0,61,2,1888.1666666666667,0,0
100001303,1,1,29,1,1668.2166666666665,1,1
100001304,1,0,33,1,1824.8166666666666,1,0
100001305,1,0,56,2,2323.7833333333333,0,0
100001306,1,1,27,1,2056.85,1,1
100001307,1,1,22,1,2298.75,1,0
100001308,1,1,19,1,1651.9833333333333,1,0
100001309,1,1,28,1,1518.0666666666666,1,1
100001310,1,1,24,1,1835.6166666666668,1,1
100001311,1,1,27,1,1117.3500000000001,0,0
100001312,1,1,30,1,2121.65,1,1
100001313,1,0,26,1,1409.25,0,0
100001314,1,1,26,1,2064.9166666666665,1,0
100001315,1,1,23,1,1572.0666666666666,1,1
100001316,1,1,28,1,1601.0333333333335,1,0
100001317,1,1,67,3,2414.0499999999997,1,0
100001318,1,1,27,1,1791.4166666666667,1,1
100001319,1,1,32,1,1642.8833333333332,1,0
100001320,1,0,24,1,1791.0333333333335,0,0
100001321,1,1,28,1,1930.1499999999999,1,1
100001322,1,0,48,2,1979.1499999999999,0,0
100001323,1,1,32,1,2318.5333333333333,1,1
100001324,1,1,25,1,1567.9166666666667,1,0
100001325,1,1,57,2,1033.3666666666666,0,0
100001326,1,1,28,1,2121.0333333333333,1,0
100001327,1,1,24,1,2047.4333333333334,1,1
100001328,1,1,25,1,1031.7833333333333,0,0
100001329,1,0,31,1,1488.1166666666668,0,0
100001330,1,0,33,1,1728.2666666666667,1,1
100001331,1,1,50,2,2460.0499999999997,1,0
100001332,1,1,58,2,2320.483333333333,0,1
100001333,1,1,27,1,1798.8666666666668,0,0
100001334,1,1,48,2,1937.25,0,0
100001335,1,1,22,1,1432.8999999999999,0,0
100001336,1,1,40,1,2066.6833333333334,0,0
100001337,1,1,32,1,2023.8,1,0
100001338,1,0,25,1,1553.8833333333332,0,0
100001339,1,1,27,1,1132.75,0,0
100001340,1,1,27,1,1466.6833333333334,0,0
100001341,1,1,23,1,2151.866666666667,1,0
100001342,1,1,32,1,1822.0666666666666,1,1
100001343,1,1,25,1,1879.75,1,1
100001344,1,1,46,2,2278.9166666666665,0,0
100001345,1,1,21,1,1796.3166666666666,1,1
100001346,1,1,29,1,1725.4333333333334,1,0
100001347,1,1,31,1,1552.8500000000001,0,0
100001348,1,0,26,1,1775.9833333333333,0,0
100001349,1,1,23,1,1878.8,1,1
100001350,1,0,38,1,1714.25,1,1
100001351,1,0,35,1,1423.0166666666667,0,0
100001352,1,1,27,1,1679.3666666666668,1,1
100001353,1,1,22,1,2190.75,1,1
100001354,1,1,52,2,2053.233333333333,1,0
100001355,1,1,19,1,1658.6499999999999,1,1
100001356,1,1,23,1,1880.8833333333332,1,0
100001357,1,0,42,1,1841.8166666666666,1,0
100001358,1,1,27,1,1774.1000000000001,1,1
100001359,1,1,39,2,1494.4166666666667,0,0
100001360,1,1,50,2,2137.2166666666667,1,1
100001361,1,1,36,1,2226.9166666666665,1,0
100001362,1,1,25,1,1930.55,1,1
100001363,1,1,27,1,1092.6666666666667,0,0
100001364,1,1,30,1,1977.3666666666668,1,0
100001365,1,0,22,1,1060.5833333333333,0,0
100001366,1,1,27,1,2044.1499999999999,1,1
100001367,1,0,31,1,2388.6833333333334,2,1
100001368,1,1,29,1,1659.2666666666667,1,0
100001369,1,0,34,1,612.6666666666666,0,0
100001370,1,0,33,1,1198.9166666666667,0,0
100001371,1,1,26,1,1916.2833333333335,1,0
100001372,1,1,36,1,2461.516666666667,1,1
100001373,1,1,26,1,904.9333333333334,0,0
100001374,1,1,39,1,1333.5666666666666,0,0
100001375,1,1,44,2,1298.1166666666666,0,0
100001376,1,1,46,2,1641.95,0,0
100001377,1,1,31,1,1716.8666666666668,0,0
100001378,1,0,26,1,2022.95,1,0
100001379,1,1,22,1,1522.6499999999999,1,1
100001380,1,0,48,2,1747.2166666666665,0,0
100001381,1,1,27,1,1686.8166666666666,1,0
100001382,1,0,30,1,970.1166666666667,0,0
100001383,1,1,27,1,1945.1333333333332,1,1
100001384,1,1,36,1,1791.1833333333334,1,1
100001385,1,1,31,1,2141.5833333333335,1,0
100001386,1,0,21,1,2074.4666666666667,1,0
100001387,1,1,26,1,1782.0333333333335,1,1
100001388,1,0,24,1,1738.1833333333334,1,0
100001389,1,1,29,1,1636.7333333333333,1,0
100001390,1,1,32,1,2117.85,1,0
100001391,1,1,45,2,1418.5833333333333,0,0
100001392,1,1,58,2,1733.55,0,0
100001393,1,1,25,1,1497.7166666666665,1,0
100001394,1,1,67,3,2255.0,1,0
100001395,1,1,53,2,1797.6833333333334,0,0
100001396,1,1,24,1,2066.5666666666666,1,0
100001397,1,0,20,1,1521.1666666666667,0,0
100001398,1,1,71,3,2220.75,0,0
100001399,1,1,31,1,1976.5666666666666,1,1
100001400,1,1,27,1,676.7666666666667,0,0
100001401,1,1,36,1,2155.0666666666666,0,0
100001402,1,1,25,1,1885.3,1,0
100001403,1,0,41,1,2218.85,1,0
100001404,1,1,30,1,1781.2666666666667,1,1
100001405,1,1,32,1,2181.1666666666665,1,1
100001406,1,1,29,1,2093.6833333333334,0,0
100001407,1,0,27,1,1315.3833333333334,0,0
100001408,1,1,32,1,2066.383333333333,1,0
100001409,1,1,25,1,1253.0666666666666,0,0
100001410,1,0,24,1,1828.2166666666665,1,0
100001411,1,1,63,2,1437.8833333333332,0,0
100001412,1,0,42,2,1886.5,0,0
100001413,1,1,22,1,1821.2333333333333,0,0
100001414,1,1,46,2,2391.483333333333,1,1
100001415,1,1,24,1,1659.5,1,1
100001416,1,0,30,1,2324.4666666666667,1,1
100001417,1,1,44,2,1810.45,0,0
100001418,1,0,25,1,1772.5833333333333,1,0
100001419,1,1,27,1,1615.8666666666668,1,0
100001420,1,1,27,1,2358.366666666667,1,1
100001421,1,1,34,1,1840.3333333333333,1,1
100001422,1,1,18,1,1629.0166666666667,1,1
100001423,1,1,25,1,1659.7166666666665,1,1
100001424,1,1,21,1,1061.6333333333334,0,0
100001425,1,1,26,1,1944.8,1,1
100001426,1,1,27,1,2192.366666666667,2,1
100001427,1,0,25,1,2267.5833333333335,1,1
100001428,1,1,30,1,1669.9166666666667,1,1
100001429,1,0,66,3,2183.35,1,0
100001430,1,1,25,1,1734.3666666666668,1,1
100001431,1,1,43,2,2294.8166666666666,1,0
100001432,1,1,35,1,2295.0833333333335,1,1
100001433,1,0,70,3,1165.25,0,0
100001434,1,0,35,1,1145.5166666666667,0,0
100001435,1,1,26,1,1762.1000000000001,1,0
100001436,1,0,29,1,1301.3,0,0
100001437,1,1,22,1,1847.25,0,0
100001438,1,0,26,1,1925.5166666666667,1,1
100001439,1,1,36,1,1545.3833333333332,0,0
100001440,1,1,35,1,1791.8166666666666,1,1
100001441,1,1,28,1,1946.05,1,1
100001442,1,1,24,1,1678.8833333333332,1,0
100001443,1,1,34,1,1544.2,0,0
100001444,1,1,25,1,1783.1166666666668,1,0
100001445,1,1,54,2,864.6999999999999,0,0
100001446,1,0,46,2,1745.8500000000001,0,0
100001447,1,1,42,1,849.1166666666667,0,0
100001448,1,0,45,2,2116.4333333333334,0,0
100001449,1,0,48,2,1837.05,0,0
100001450,1,0,21,1,1676.5166666666667,0,0
100001451,1,1,31,1,2054.2833333333333,1,0
100001452,1,0,35,1,2295.6,1,1
100001453,1,1,36,1,1837.0166666666667,1,1
100001454,1,1,32,1,1661.7166666666665,0,0
100001455,1,1,26,1,1777.7833333333335,0,0
100001456,1,1,34,1,2388.65,1,0
100001457,1,1,65,2,2259.2833333333333,1,1
100001458,1,1,50,2,1556.5,0,0
100001459,1,1,39,1,1626.2833333333335,1,0
100001460,1,0,52,2,2069.9333333333334,0,0
100001461,1,1,36,1,1352.2666666666667,0,0
100001462,1,1,29,1,1990.6499999999999,1,0
100001463,1,1,36,1,2420.516666666667,1,1
100001464,1,1,36,1,1427.05,0,0
100001465,1,1,27,1,2422.883333333333,1,1
100001466,1,1,36,1,2264.9333333333334,2,1
100001467,1,1,26,1,1774.5,1,1
100001468,1,0,57,2,1888.8999999999999,1,1
100001469,1,0,27,1,1676.0,0,0
100001470,1,1,58,2,1807.3666666666668,0,0
100001471,1,1,27,1,1074.5333333333333,0,0
100001472,1,1,49,2,2003.45,1,0
100001473,1,1,43,2,1694.6666666666667,1,0
100001474,1,0,45,2,1539.0333333333335,0,0
100001475,1,1,27,1,1643.5166666666667,0,0
100001476,1,1,34,1,1626.8833333333332,1,1
100001477,1,1,21,1,1371.6333333333332,0,0
100001478,1,1,54,2,2088.366666666667,1,1
100001479,1,1,43,2,1812.0833333333333,0,0
100001480,1,0,25,1,1426.1499999999999,0,0
100001481,1,0,57,2,1839.5333333333335,0,0
100001482,1,1,26,1,1675.1833333333334,1,1
100001483,1,0,30,1,1840.9166666666667,1,0
100001484,1,0,58,2,2366.5499999999997,0,0
100001485,1,1,25,1,2029.8166666666666,1,1
100001486,1,1,23,1,2316.116666666667,1,0
100001487,1,0,22,1,1753.8333333333333,1,0
100001488,1,1,21,1,1510.9333333333334,1,1
100001489,1,1,20,1,1924.0833333333333,1,1
100001490,1,1,22,1,999.25,0,0
100001491,1,0,27,1,2104.4666666666667,1,1
100001492,1,0,24,1,1347.1666666666667,0,0
100001493,1,1,23,1,2060.4166666666665,1,0
100001494,1,1,26,1,1709.05,1,1
100001495,1,0,28,1,1699.1333333333332,1,0
100001496,1,1,64,3,2371.3333333333335,1,0
100001497,1,1,26,1,1757.2333333333333,1,1
100001498,1,1,31,1,1768.5833333333333,1,0
100001499,1,0,28,1,1850.95,0,0
100001500,1,1,25,1,1962.6333333333332,1,1
100001501,1,0,49,2,1973.2666666666667,0,0
100001502,1,1,33,1,2271.0,1,1
100001503,1,0,27,1,1619.8666666666668,1,0
100001504,1,1,59,2,1035.0166666666667,0,0
100001505,1,1,28,1,2058.2833333333333,1,0
100001506,1,1,24,1,2005.4333333333334,1,1
100001507,1,1,26,1,1110.75,0,0
100001508,1,0,33,1,1390.4833333333333,0,0
100001509,1,0,37,1,1792.3166666666666,1,1
100001510,1,1,46,2,2564.6666666666665,1,0
100001511,1,1,62,2,2336.2999999999997,0,1
100001512,1,0,26,1,1673.3666666666668,0,0
100001513,1,1,49,2,2035.9666666666665,0,0
100001514,1,1,25,1,1488.8500000000001,0,0
100001515,1,1,37,1,2089.3166666666666,0,0
100001516,1,0,31,1,2068.5,1,0
100001517,1,0,25,1,1558.7666666666667,0,0
100001518,1,1,21,1,1169.5,0,0
100001519,1,1,27,1,1372.6166666666668,0,0
100001520,1,1,29,1,2112.4166666666665,1,0
100001521,1,1,30,1,1722.1000000000001,1,1
100001522,1,1,26,1,1934.1333333333332,1,1
100001523,1,1,40,2,2285.25,0,0
100001524,1,1,23,1,1756.0833333333333,1,1
100001525,1,1,31,1,1598.5166666666667,1,0
100001526,1,1,29,1,1477.8166666666666,0,0
100001527,1,0,22,1,1729.6000000000001,0,0
100001528,1,1,26,1,1814.3999999999999,1,1
100001529,1,0,39,1,1767.2833333333335,1,1
100001530,1,0,35,1,1414.1833333333334,0,0
100001531,1,1,26,1,1595.8,1,1
100001532,1,1,28,1,2226.9333333333334,1,1
100001533,1,1,56,2,2212.5333333333333,1,0
100001534,1,1,22,1,1595.2,1,1
100001535,1,1,26,1,1817.7166666666665,1,0
100001536,1,0,41,1,1892.0166666666667,1,0
100001537,1,1,29,1,1823.0,1,1
100001538,1,1,42,2,1375.9666666666665,0,0
100001539,1,1,50,2,2079.616666666667,1,1
100001540,1,1,33,1,2225.7000000000003,1,0
100001541,1,1,28,1,1941.5333333333335,1,1
100001542,1,1,27,1,1147.2333333333333,0,0
100001543,1,1,27,1,2067.0499999999997,1,0
100001544,1,0,28,1,1064.7,0,0
100001545,1,1,24,1,2041.5333333333335,1,1
100001546,1,0,28,1,2357.5499999999997,2,1
100001547,1,1,32,1,1655.45,1,0
100001548,1,0,32,1,759.8333333333334,0,0
100001549,1,0,30,1,1186.1166666666666,0,0
100001550,1,1,29,1,1866.5333333333335,1,0
100001551,1,1,37,1,2419.0,1,1
100001552,1,1,24,1,827.8666666666667,0,0
100001553,1,1,36,1,1258.9333333333334,0,0
100001554,1,1,40,2,1445.3333333333333,0,0
100001555,1,1,51,2,1628.8166666666666,0,0
100001556,1,1,33,1,1780.1333333333332,0,0
100001557,1,0,31,1,1966.1833333333334,1,0
100001558,1,1,29,1,1628.8500000000001,1,1
100001559,1,0,48,2,1819.9333333333334,0,0
100001560,1,1,25,1,1581.75,1,0
100001561,1,0,28,1,958.0,0,0
100001562,1,1,23,1,1819.5833333333333,1,1
100001563,1,1,32,1,1852.8999999999999,1,1
100001564,1,1,34,1,2120.9166666666665,1,0
100001565,1,0,23,1,1924.9833333333333,1,0
100001566,1,1,25,1,1824.9833333333333,1,1
100001567,1,0,25,1,1744.9333333333334,1,0
100001568,1,1,27,1,1741.1166666666668,1,0
100001569,1,1,29,1,2002.6166666666668,1,0
100001570,1,1,46,2,1353.3333333333333,0,0
100001571,1,1,61,2,1625.9666666666665,0,0
100001572,1,1,25,1,1598.5666666666666,1,0
100001573,1,1,67,3,2134.2166666666667,1,0
100001574,1,1,49,2,1695.5666666666666,0,0
100001575,1,1,21,1,2100.15,1,0
100001576,1,0,19,1,1520.5333333333335,0,0
100001577,1,1,67,3,2139.0499999999997,0,0
100001578,1,1,31,1,1834.0,1,1
100001579,1,1,27,1,637.4499999999999,0,0
100001580,1,1,37,1,2150.4500000000003,0,0
100001581,1,1,27,1,1917.1000000000001,1,0
100001582,1,0,36,1,2172.0499999999997,1,0
100001583,1,1,24,1,1719.6833333333334,1,1
100001584,1,1,31,1,2305.116666666667,1,1
100001585,1,1,29,1,2042.7333333333333,0,0
100001586,1,0,28,1,1372.5166666666667,0,0
100001587,1,1,34,1,2089.1833333333334,1,0
100001588,1,1,26,1,1382.3333333333333,0,0
100001589,1,0,21,1,1800.4833333333333,1,0
100001590,1,1,63,2,1378.8999999999999,0,0
100001591,1,0,38,2,1946.9333333333334,0,0
100001592,1,1,20,1,1891.2,0,0
100001593,1,1,44,2,2389.0499999999997,1,1
100001594,1,1,31,1,1734.5666666666666,1,1
100001595,1,0,33,1,2308.75,1,1
100001596,1,1,49,2,1782.6666666666667,0,0
100001597,1,0,26,1,1805.3833333333332,1,0
100001598,1,1,28,1,1596.3999999999999,1,0
100001599,1,1,30,1,2344.5499999999997,1,1
100001600,1,1,36,1,1737.25,1,1
100001601,1,1,27,1,900.6833333333334,0,0
100001602,0,0,23,0,1799.3500000000001,0,0
100001603,0,0,31,0,1895.95,1,0
100001604,1,1,27,1,1581.3999999999999,1,0
100001605,1,1,25,1,2100.6833333333334,1,0
100001606,1,1,23,1,1082.5333333333333,0,0
100001607,0,1,27,1,1112.7333333333333,0,0
100001608,1,0,38,1,1131.0166666666667,0,0
100001609,0,0,44,1,1891.9333333333334,0,0
100001610,1,1,42,1,768.4833333333332,0,0
100001611,1,1,25,1,1727.5166666666667,0,0
100001612,0,1,40,1,1250.7166666666667,0,0
100001613,1,1,24,1,1941.2166666666665,0,0
100001614,1,0,39,1,1610.2333333333333,0,0
100001615,0,0,24,0,1107.45,0,0
100001616,1,0,50,1,1984.4666666666665,1,0
100001617,1,1,28,1,2049.5499999999997,0,0
100001618,1,1,36,1,1360.1499999999999,0,0
100001619,0,0,36,1,1758.6499999999999,1,0
100001620,1,1,40,1,1444.1499999999999,0,0
100001621,1,0,31,0,1273.0666666666666,0,0
100001622,0,1,27,1,1118.9333333333334,0,0
100001623,1,1,35,1,1552.5833333333333,0,0
100001624,0,0,51,1,2069.7166666666667,0,0
100001625,1,0,26,0,1081.0,0,0
100001626,0,0,33,1,1453.8666666666668,0,0
100001627,1,1,27,1,1538.3999999999999,0,0
100001628,0,0,38,1,1404.2333333333333,0,0
100001629,1,0,30,0,1778.2666666666667,1,0
100001630,0,0,28,0,1886.8666666666668,1,0
100001631,0,0,23,0,1184.6000000000001,0,0
100001632,1,1,23,1,1904.5,0,0
100001633,1,1,26,1,2092.2999999999997,1,0
100001634,1,1,21,1,1540.7,0,0
100001635,1,0,36,1,1254.95,0,0
100001636,1,1,24,1,1095.1166666666666,0,0
100001637,0,0,41,1,2006.45,1,0
100001638,0,0,42,1,2015.7666666666667,1,0
100001639,0,0,27,0,1221.0833333333333,0,0
100001640,0,1,40,1,1291.3500000000001,0,0
100001641,1,1,34,1,1521.3666666666668,0,0
100001642,0,0,40,1,1740.0833333333333,0,0
100001643,0,0,33,1,1660.7666666666667,1,0
100001644,1,0,49,1,1629.8500000000001,0,0
100001645,0,0,28,0,1364.6333333333334,0,0
100001646,1,1,26,1,1798.4666666666665,1,0
100001647,1,0,40,1,1643.4666666666665,0,0
100001648,0,0,47,1,1587.1333333333332,0,0
100001649,1,1,41,1,2136.0499999999997,1,0
100001650,1,1,29,1,1572.0833333333333,0,0
100001651,1,1,37,1,1513.5833333333333,0,0
100001652,0,0,31,0,2011.9833333333333,1,0
100001653,0,0,35,1,1835.9833333333333,1,0
100001654,0,0,35,1,2074.8333333333335,1,0
100001655,1,1,29,1,1252.6833333333334,0,0
100001656,1,0,37,1,2120.1,1,0
100001657,0,0,37,1,1394.3333333333333,0,0
100001658,1,1,26,1,1456.6666666666667,0,0
100001659,1,1,28,1,1315.7,0,0
100001660,1,1,23,1,1474.2,0,0
100001661,0,0,38,1,1735.4666666666665,1,0
100001662,1,1,30,1,1671.8833333333332,1,0
100001663,1,0,45,1,1789.7833333333335,1,0
100001664,0,0,24,0,1405.9166666666667,0,0
100001665,1,0,35,1,1878.7166666666665,1,0
100001666,1,1,41,1,1931.5333333333335,1,0
100001667,0,1,30,1,1776.6166666666668,1,0
100001668,1,1,30,1,2022.1166666666668,1,0
100001669,1,1,26,1,1542.6499999999999,0,0
100001670,1,1,25,1,1458.95,0,0
100001671,1,1,23,1,1176.1499999999999,0,0
100001672,1,1,27,1,1421.5666666666666,0,0
100001673,1,0,26,0,1181.75,0,0
100001674,0,0,25,0,1728.6000000000001,0,0
100001675,0,1,27,1,1582.45,1,0
100001676,1,0,42,1,1335.2666666666667,0,0
100001677,0,0,35,1,1441.5333333333335,0,0
100001678,1,1,25,1,1477.8666666666668,0,0
100001679,1,1,26,1,1383.0666666666666,0,0
100001680,0,0,38,1,2135.0,1,0
100001681,1,0,28,0,1214.4833333333333,0,0
100001682,0,1,33,1,1870.45,1,0
100001683,1,0,40,1,1577.8999999999999,0,0
100001684,1,1,23,1,1683.3833333333332,1,0
100001685,1,0,25,0,1882.0666666666666,1,0
100001686,1,0,28,0,1810.75,0,0
100001687,0,0,41,1,1156.9166666666667,0,0
100001688,1,0,50,1,1870.0666666666666,0,0
100001689,1,1,23,1,1828.3333333333333,1,0
100001690,1,1,26,1,1741.3999999999999,1,0
100001691,1,1,22,1,1020.65,0,0
100001692,0,0,37,1,1993.3666666666668,0,0
100001693,1,0,38,1,1350.2333333333333,0,0
100001694,1,1,22,1,1136.0833333333333,0,0
100001695,1,0,30,0,1477.5333333333335,0,0
100001696,0,0,38,1,1261.75,0,0
100001697,1,1,36,1,1736.4833333333333,1,0
100001698,0,0,41,1,1193.3833333333334,0,0
100001699,1,1,29,1,2031.8999999999999,1,0
100001700,1,1,31,1,1777.2833333333335,1,0
100001701,1,0,31,0,1663.3333333333333,1,0
100001702,1,0,21,0,1127.1499999999999,0,0
100001703,0,0,32,0,2005.8999999999999,1,0
100001704,1,1,35,1,2035.1666666666667,1,0
100001705,0,0,29,0,1486.1666666666667,0,0
100001706,1,0,34,1,1819.9166666666667,1,0
100001707,1,0,38,1,1539.8666666666668,0,0
100001708,1,1,33,1,730.0833333333334,0,0
100001709,1,1,28,1,1139.8166666666666,0,0
100001710,1,1,28,1,1875.3500000000001,1,0
100001711,0,0,21,0,987.5833333333334,0,0
100001712,1,1,29,1,1643.5333333333335,0,0
100001713,1,1,26,1,1177.4833333333333,0,0
100001714,1,0,40,1,1587.1333333333332,0,0
100001715,1,0,25,0,781.0833333333334,0,0
100001716,0,1,20,1,1694.8,1,0
100001717,1,1,23,1,1043.6333333333334,0,0
100001718,1,0,27,0,1708.8500000000001,1,0
100001719,1,0,36,1,1678.95,1,0
100001720,1,1,25,1,1788.6833333333334,1,0
100001721,1,1,25,1,1881.3166666666666,0,0
100001722,1,1,34,1,2089.5333333333333,0,0
100001723,1,0,24,0,1156.9833333333333,0,0
100001724,1,0,36,1,2079.3166666666666,1,0
100001725,1,0,40,1,1317.9333333333334,0,0
100001726,0,0,39,1,1412.9833333333333,0,0
100001727,1,0,42,1,1289.8833333333334,0,0
100001728,0,0,35,1,1886.45,0,0
100001729,1,1,27,1,1651.6666666666667,1,0
100001730,0,0,27,0,1082.5666666666666,0,0
100001731,1,1,23,1,1720.7333333333333,1,0
100001732,1,1,32,1,2082.9166666666665,1,0
100001733,0,1,28,1,2226.366666666667,1,0
100001734,0,0,22,0,1725.3166666666666,1,0
100001735,0,0,31,0,1963.55,1,0
100001736,1,1,22,1,1998.3666666666668,1,0
100001737,0,0,23,0,1179.7166666666667,0,0
100001738,1,1,35,1,2091.1666666666665,0,0
100001739,1,1,26,1,1829.7,0,0
100001740,1,1,28,1,1305.3666666666666,0,0
100001741,0,0,54,1,2091.9500000000003,1,0
100001742,1,0,49,1,1707.7166666666665,0,0
100001743,1,0,38,1,1488.4833333333333,0,0
100001744,1,0,47,1,1838.1166666666668,1,0
100001745,1,0,49,1,2039.8500000000001,0,0
100001746,1,1,30,1,1939.9833333333333,1,0
100001747,1,0,32,0,1365.1166666666666,0,0
100001748,1,1,24,1,1631.8166666666666,0,0
100001749,1,0,25,0,1134.1833333333334,0,0
100001750,0,0,33,1,1373.5666666666666,0,0
100001751,1,1,34,1,2051.483333333333,1,0
100001752,1,1,24,1,1108.95,0,0
100001753,1,0,36,1,2132.1,0,0
100001754,1,0,41,1,1316.05,0,0
100001755,0,1,33,1,1811.5666666666666,1,0
100001756,1,1,26,1,1681.5333333333335,1,0
100001757,1,0,36,1,1992.6666666666667,1,0
100001758,1,0,35,1,1936.2666666666667,0,0
100001759,0,0,29,0,1864.2333333333333,1,0
100001760,1,1,26,1,1163.8500000000001,0,0
100001761,0,0,31,0,1156.25,0,0
100001762,0,1,26,1,1188.5,0,0
100001763,0,0,47,1,1231.8833333333334,0,0
100001764,0,1,20,1,1591.5333333333335,1,0
100001765,0,0,45,1,1822.1499999999999,0,0
100001766,0,0,36,1,1933.7833333333335,1,0
100001767,0,1,31,1,1366.45,0,0
100001768,1,0,41,1,1391.3500000000001,0,0
100001769,1,0,31,0,1206.0166666666667,0,0
100001770,1,1,27,1,1777.0833333333333,0,0
100001771,1,1,32,1,2061.7833333333333,1,0
100001772,1,0,43,1,1322.55,0,0
100001773,1,0,32,0,1139.1166666666666,0,0
100001774,1,1,29,1,1930.5333333333335,1,0
100001775,0,0,37,1,1499.1000000000001,0,0
100001776,1,0,35,1,1438.6499999999999,0,0
100001777,1,1,23,1,1182.7166666666667,0,0
100001778,0,0,40,1,1768.6666666666667,1,0
100001779,1,1,26,1,1630.9333333333334,1,0
100001780,0,0,28,0,1030.3999999999999,0,0
100001781,1,1,40,1,1731.7833333333335,1,0
100001782,1,1,26,1,1665.8833333333332,0,0
100001783,1,1,23,1,1890.2166666666665,1,0
100001784,0,0,26,0,1784.8500000000001,0,0
100001785,0,0,26,0,2079.7166666666667,1,0
100001786,1,0,49,1,1538.0166666666667,0,0
100001787,1,1,26,1,1603.6499999999999,1,0
100001788,1,0,35,1,1437.0166666666667,0,0
100001789,1,1,24,1,1349.3666666666666,0,0
100001790,1,0,46,1,1312.5666666666666,0,0
100001791,0,0,26,0,1000.4333333333334,0,0
100001792,0,0,47,1,1469.2833333333335,0,0
100001793,0,0,27,0,998.0166666666668,0,0
100001794,0,1,41,1,1880.3,1,0
100001795,1,1,29,1,1704.1666666666667,1,0
100001796,1,1,28,1,649.6666666666666,0,0
100001797,1,1,33,1,1363.45,0,0
100001798,1,0,50,1,1552.4666666666665,0,0
100001799,1,1,32,1,1800.5333333333335,1,0
100001800,0,1,31,1,1488.9166666666667,0,0
100001801,0,0,52,1,1593.9833333333333,0,0
100001802,0,0,53,1,2081.7000000000003,1,0
100001803,1,1,34,1,1463.3500000000001,0,0
100001804,1,1,22,1,1542.3,1,0
100001805,0,1,33,1,1394.7833333333335,0,0
100001806,0,0,32,0,2138.5,1,0
100001807,1,0,45,1,1745.8999999999999,0,0
100001808,0,1,25,1,1137.0333333333333,0,0
100001809,1,1,41,1,1616.7666666666667,0,0
100001810,1,0,36,1,1789.5333333333335,0,0
100001811,1,1,27,1,1841.8500000000001,1,0
100001812,0,0,40,1,1203.2166666666667,0,0
100001813,1,0,37,1,1599.5333333333335,0,0
100001814,0,0,35,1,1759.2666666666667,0,0
100001815,0,0,34,1,1478.3500000000001,0,0
100001816,1,0,28,0,1961.8333333333333,1,0
100001817,1,0,44,1,1267.6166666666666,0,0
100001818,0,1,27,1,1673.2,1,0
100001819,1,0,50,1,1888.4666666666665,1,0
100001820,1,1,18,1,1682.0666666666666,1,0
100001821,1,0,25,0,1203.1333333333334,0,0
100001822,1,1,40,1,1173.8500000000001,0,0
100001823,0,1,28,1,1835.05,1,0
100001824,1,1,23,1,1013.75,0,0
100001825,1,1,35,1,1251.6666666666667,0,0
100001826,1,1,28,1,2155.4500000000003,1,0
100001827,1,0,23,0,1592.3500000000001,1,0
100001828,0,1,34,1,1879.6166666666668,1,0
100001829,1,1,29,1,858.2666666666668,0,0
100001830,1,0,35,1,1713.0166666666667,1,0
100001831,1,1,32,1,1458.2333333333333,0,0
100001832,1,0,46,1,1212.1333333333334,0,0
100001833,1,1,27,1,1912.9166666666667,1,0
100001834,1,1,25,1,2072.65,1,0
100001835,1,1,27,1,1693.6666666666667,0,0
100001836,1,1,24,1,1466.0666666666666,0,0
100001837,1,0,33,0,1158.7166666666667,0,0
100001838,1,1,24,1,1824.7666666666667,1,0
100001839,1,0,28,0,1286.7666666666667,0,0
100001840,1,0,35,1,893.4666666666667,0,0
100001841,1,1,30,1,1977.95,1,0
100001842,0,0,43,1,1941.8666666666668,1,0
100001843,0,1,21,1,1912.6000000000001,0,0
100001844,1,1,24,1,1097.5333333333333,0,0
100001845,0,0,34,1,1260.4333333333334,0,0
100001846,1,1,26,1,2124.25,1,0
100001847,0,0,37,1,1784.55,1,0
100001848,1,1,32,1,1369.9333333333334,0,0
100001849,1,1,33,1,1779.0166666666667,0,0
100001850,0,1,28,1,1575.3,1,0
100001851,1,1,30,1,1907.1666666666667,1,0
100001852,1,1,26,1,952.75,0,0
100001853,1,0,25,0,1826.8333333333333,0,0
100001854,0,0,33,0,1893.6499999999999,1,0
100001855,1,1,30,1,1564.2333333333333,1,0
100001856,1,1,26,1,2150.366666666667,1,0
100001857,0,1,23,1,1113.3999999999999,0,0
100001858,0,1,25,1,1044.8166666666666,0,0
100001859,1,0,40,1,1126.9833333333333,0,0
100001860,0,0,46,1,1891.5833333333333,0,0
100001861,1,1,43,1,810.5333333333333,0,0
100001862,1,1,22,1,1789.8999999999999,0,0
100001863,0,1,39,1,1206.4166666666667,0,0
100001864,1,1,27,1,1932.2333333333333,0,0
100001865,0,0,40,1,1553.05,0,0
100001866,0,0,24,0,1058.4333333333334,0,0
100001867,1,0,52,1,1893.6499999999999,1,0
100001868,1,1,30,1,2023.3166666666666,0,0
100001869,1,1,34,1,1304.6833333333334,0,0
100001870,1,0,38,1,1732.1000000000001,1,0
100001871,0,1,39,1,1484.95,0,0
100001872,1,0,29,0,1347.5333333333333,0,0
100001873,0,1,25,1,1086.7833333333333,0,0
100001874,1,1,35,1,1558.25,0,0
100001875,0,0,53,1,2032.8333333333333,0,0
100001876,0,0,26,0,1033.7833333333333,0,0
100001877,0,0,33,1,1476.7,0,0
100001878,0,1,29,1,1498.5666666666666,0,0
100001879,0,0,39,1,1389.0333333333335,0,0
100001880,0,0,29,0,1723.9833333333333,1,0
100001881,0,0,26,0,1924.1833333333334,1,0
100001882,0,0,24,0,1137.5,0,0
100001883,1,1,21,1,1893.8333333333333,0,0
100001884,1,1,26,1,2098.0,1,0
100001885,1,1,20,1,1519.6166666666668,0,0
100001886,1,0,35,1,1221.1000000000001,0,0
100001887,1,1,24,1,1150.3500000000001,0,0
100001888,1,0,40,1,2043.2166666666665,1,0
100001889,1,0,44,1,2036.3333333333333,1,0
100001890,0,0,29,0,1252.6666666666667,0,0
100001891,1,1,39,1,1366.2166666666665,0,0
100001892,1,1,35,1,1536.5666666666666,0,0
100001893,0,0,42,1,1789.6666666666667,0,0
100001894,1,0,32,1,1633.7166666666665,1,0
100001895,0,0,48,1,1581.1333333333332,0,0
100001896,0,0,26,0,1390.7,0,0
100001897,1,1,26,1,1831.45,1,0
100001898,0,0,42,1,1647.9333333333334,0,0
100001899,0,0,48,1,1582.7,0,0
100001900,1,1,42,1,2179.0,1,0
100001901,1,1,27,1,1568.25,0,0
100001902,1,1,37,1,1584.5166666666667,0,0
100001903,0,0,33,0,1955.1333333333332,1,0
100001904,0,0,33,1,1868.2166666666665,1,0
100001905,1,0,37,1,2064.883333333333,1,0
100001906,1,1,31,1,1336.4833333333333,0,0
100001907,0,0,39,1,2068.15,1,0
100001908,1,0,40,1,1377.8833333333332,0,0
100001909,1,1,28,1,1480.9666666666665,0,0
100001910,1,1,26,1,1342.3333333333333,0,0
100001911,1,1,24,1,1403.8,0,0
100001912,0,0,40,1,1732.7166666666665,1,0
100001913,1,1,29,1,1706.6166666666668,1,0
100001914,0,0,43,1,1859.3833333333332,1,0
100001915,0,0,23,0,1471.0,0,0
100001916,1,0,34,1,1912.7833333333335,1,0
100001917,1,1,42,1,1887.9166666666667,1,0
100001918,1,1,33,1,1745.9166666666667,1,0
100001919,1,1,32,1,2008.75,1,0
100001920,1,1,26,1,1601.3666666666668,0,0
100001921,1,1,23,1,1453.7833333333335,0,0
100001922,1,1,26,1,1155.55,0,0
100001923,1,1,27,1,1462.95,0,0
100001924,0,0,24,0,1182.9666666666667,0,0
100001925,0,0,27,0,1736.6000000000001,0,0
100001926,1,1,26,1,1625.8500000000001,1,0
100001927,1,0,42,1,1316.3166666666666,0,0
100001928,1,0,37,1,1375.0,0,0
100001929,1,1,26,1,1438.4333333333334,0,0
100001930,1,1,24,1,1312.7,0,0
100001931,1,0,39,1,2092.383333333333,1,0
100001932,0,0,26,0,1172.2666666666667,0,0
100001933,0,1,35,1,1882.9166666666667,1,0
100001934,0,0,38,1,1611.3500000000001,0,0
100001935,1,1,24,1,1648.7,1,0
100001936,1,0,26,0,1820.8333333333333,1,0
100001937,0,0,25,0,1816.0,0,0
100001938,0,0,40,1,1188.3666666666666,0,0
100001939,1,0,48,1,1795.95,0,0
100001940,1,1,22,1,1860.0,1,0
100001941,1,1,25,1,1716.2333333333333,1,0
100001942,0,1,24,1,1057.3666666666666,0,0
100001943,0,0,39,1,1981.8833333333332,0,0
100001944,0,0,39,1,1349.7833333333333,0,0
100001945,1,1,21,1,1146.5,0,0
100001946,1,0,27,0,1441.0333333333335,0,0
100001947,0,0,40,1,1281.3500000000001,0,0
100001948,1,1,37,1,1790.1499999999999,1,0
100001949,1,0,42,1,1151.8999999999999,0,0
100001950,1,1,31,1,1986.1166666666668,1,0
100001951,1,1,31,1,1700.3,1,0
100001952,0,0,30,0,1628.0,1,0
100001953,1,0,23,0,1084.3666666666666,0,0
100001954,0,0,33,0,1969.0666666666666,1,0
100001955,1,1,37,1,2075.7999999999997,1,0
100001956,1,0,29,0,1427.2833333333335,0,0
100001957,1,0,31,1,1885.1333333333332,1,0
100001958,0,0,39,1,1559.2333333333333,0,0
100001959,1,1,33,1,708.6,0,0
100001960,0,1,26,1,1207.1499999999999,0,0
100001961,1,1,27,1,1835.8999999999999,1,0
100001962,1,0,20,0,1016.0833333333334,0,0
100001963,1,1,27,1,1676.9666666666665,0,0
100001964,1,1,26,1,1183.6833333333334,0,0
100001965,0,0,40,1,1569.8166666666666,0,0
100001966,0,0,24,0,745.6999999999999,0,0
100001967,1,1,22,1,1720.0166666666667,1,0
100001968,1,1,24,1,1038.9166666666667,0,0
100001969,1,0,27,0,1729.7833333333335,1,0
100001970,0,0,35,1,1656.6833333333334,1,0
100001971,0,1,27,1,1753.2833333333335,1,0
100001972,1,1,25,1,1926.1000000000001,0,0
100001973,1,1,34,1,2097.383333333333,0,0
100001974,1,0,24,0,1132.2666666666667,0,0
100001975,1,0,34,1,2014.3833333333332,1,0
100001976,0,0,42,1,1288.6166666666666,0,0
100001977,1,0,38,1,1410.8833333333332,0,0
100001978,0,0,42,1,1360.1000000000001,0,0
100001979,1,0,35,1,1889.6666666666667,0,0
100001980,1,1,27,1,1677.3999999999999,1,0
100001981,0,0,25,0,1067.2833333333333,0,0
100001982,1,1,23,1,1689.1666666666667,1,0
100001983,1,1,34,1,2105.5666666666666,1,0
100001984,1,1,28,1,2181.2833333333333,1,0
100001985,0,0,21,0,1724.5,1,0
100001986,1,0,32,0,1909.8,1,0
100001987,1,1,21,1,2011.3666666666668,1,0
100001988,0,0,25,0,1110.4666666666667,0,0
100001989,1,1,35,1,2074.116666666667,0,0
100001990,1,1,25,1,1776.1166666666668,0,0
100001991,1,1,31,1,1312.6333333333334,0,0
100001992,0,0,54,1,2142.2833333333333,1,0
100001993,1,0,51,1,1684.5666666666666,0,0
100001994,1,0,38,1,1461.1666666666667,0,0
100001995,0,0,45,1,1890.2333333333333,1,0
100001996,1,0,47,1,2058.75,0,0
100001997,1,1,27,1,1962.3999999999999,1,0
100001998,0,0,31,0,1440.0,0,0
100001999,1,1,24,1,1632.8,0,0
100002000,0,0,25,0,1140.2666666666667,0,0
